OR_House,OR_Senate,Unincorp,METRO,Mult_Comm,CITY,TRAN_DIST,FIRE_DIST,WaterDist,SewerDist,SchoolDist,PUD,CommColleg,Soil_Water,USCongress,ESD,CoP_Dist,UFSWQD,Precinct,Split,Shape_Leng,Shape_Area,Mike_Schmidt_Percentage,Mike_Schmidt_Votes,Nathan_Vasquez_Percentage,Nathan_Vasquez_Votes,Write_In_Percentage,Write_In_Votes,Total_Votes
House District 41,Senate District 21,,Metro District 6,Multnomah Co Commissioner District 3,City of Milwaukie,Tri-County Metropolitan Transportation District of Oregon (TriMet),Clackamas Fire District #1,,,Portland School District,,Portland Community College Zone 3,EAST MULT.  SOIL & WATER 2,Congressional District 5,ESD Multnomah Zone 3,,UFSWQD,4101,B,1441.77558992,100545.978866,42.32%,683,57.62%,930,0.06%,1,1614
House District 41,Senate District 21,,Metro District 6,Multnomah Co Commissioner District 1,Portland,Tri-County Metropolitan Transportation District of Oregon (TriMet),,,,Portland School District,,Portland Community College Zone 3,EAST MULT.  SOIL & WATER 2,Congressional District 5,ESD Multnomah Zone 3,4,UFSWQD,4102,1,19297.5051136,14123779.228100000,50.60%,675,48.80%,651,0.60%,8,1334
House District 44,Senate District 22,Multnomah Co Unincorporated,Metro District 5,Multnomah Co Commissioner District 2,,Tri-County Metropolitan Transportation District of Oregon (TriMet),,,,Portland School District,,Portland Community College Zone 2,EAST MULT.  SOIL & WATER 1,Congressional District 3,ESD Multnomah Zone 1,,UFSWQD,4402,B,37971.7483194,66386002.943500000,53.63%,1343,45.77%,1146,0.60%,15,2504
House District 44,Senate District 22,Multnomah Co Unincorporated,Metro District 5,Multnomah Co Commissioner District 2,,Tri-County Metropolitan Transportation District of Oregon (TriMet),,,,Scappoose School District,,Portland Community College Zone 7,EAST MULT.  SOIL & WATER 1,Congressional District 3,ESD Northwest,,UFSWQD,4402,C,18905.8052408,14088148.005500000,53.63%,1343,45.77%,1146,0.60%,15,2504
House District 44,Senate District 22,,Metro District 5,Multnomah Co Commissioner District 2,Portland,Tri-County Metropolitan Transportation District of Oregon (TriMet),,,,Scappoose School District,,Portland Community College Zone 7,EAST MULT.  SOIL & WATER 1,Congressional District 3,ESD Northwest,2,UFSWQD,4402,D,28057.8324937,36172207.7513,53.63%,1343,45.77%,1146,0.60%,15,2504
House District 44,Senate District 22,,Metro District 5,Multnomah Co Commissioner District 2,Portland,Tri-County Metropolitan Transportation District of Oregon (TriMet),,,,Portland School District,,Portland Community College Zone 2,EAST MULT.  SOIL & WATER 1,Congressional District 3,ESD Multnomah Zone 1,2,UFSWQD,4402,A,72140.8850661,257216815.954,53.63%,1343,45.77%,1146,0.60%,15,2504
House District 44,Senate District 22,,Metro District 5,Multnomah Co Commissioner District 2,Portland,Tri-County Metropolitan Transportation District of Oregon (TriMet),,,,Portland School District,,Portland Community College Zone 2,EAST MULT.  SOIL & WATER 1,Congressional District 3,ESD Multnomah Zone 1,2,UFSWQD,4401,1,54381.1022378,115986405.16600000,55.92%,1101,43.78%,862,0.30%,6,1969
House District 41,Senate District 21,,Metro District 6,Multnomah Co Commissioner District 3,Portland,Tri-County Metropolitan Transportation District of Oregon (TriMet),,,,Portland School District,,Portland Community College Zone 3,EAST MULT.  SOIL & WATER 2,Congressional District 3,ESD Multnomah Zone 3,3,UFSWQD,4103,1,25121.7563232,29415628.5003,41.09%,860,58.53%,1225,0.38%,8,2093
House District 41,Senate District 21,,Metro District 6,Multnomah Co Commissioner District 3,Portland,Tri-County Metropolitan Transportation District of Oregon (TriMet),,,,Portland School District,,Portland Community College Zone 3,EAST MULT.  SOIL & WATER 2,Congressional District 5,ESD Multnomah Zone 3,3,UFSWQD,4101,C,14740.0259824,6099283.04912,42.32%,683,57.62%,930,0.06%,1,1614
House District 41,Senate District 21,,Metro District 6,Multnomah Co Commissioner District 3,Portland,Tri-County Metropolitan Transportation District of Oregon (TriMet),,,,Portland School District,,Portland Community College Zone 3,EAST MULT.  SOIL & WATER 2,Congressional District 5,ESD Multnomah Zone 3,4,UFSWQD,4101,A,18922.9834849,14485865.9212,42.32%,683,57.62%,930,0.06%,1,1614
House District 41,Senate District 21,,Metro District 6,Multnomah Co Commissioner District 1,Portland,Tri-County Metropolitan Transportation District of Oregon (TriMet),,,,Portland School District,,Portland Community College Zone 3,EAST MULT.  SOIL & WATER 2,Congressional District 3,ESD Multnomah Zone 3,3,UFSWQD,4105,B,12796.2192246,4418800.23411,49.95%,1629,49.83%,1625,0.21%,7,3261
House District 41,Senate District 21,,Metro District 6,Multnomah Co Commissioner District 1,Portland,Tri-County Metropolitan Transportation District of Oregon (TriMet),,,,Portland School District,,Portland Community College Zone 3,EAST MULT.  SOIL & WATER 2,Congressional District 3,ESD Multnomah Zone 3,4,UFSWQD,4105,A,38853.6781569,69953448.2908,49.95%,1629,49.83%,1625,0.21%,7,3261
House District 42,Senate District 21,,Metro District 6,Multnomah Co Commissioner District 3,Portland,Tri-County Metropolitan Transportation District of Oregon (TriMet),,,,Portland School District,,Portland Community College Zone 3,EAST MULT.  SOIL & WATER 1,Congressional District 1,ESD Multnomah Zone 2,3,UFSWQD,4207,1,21153.7528312,15919356.6757,45.21%,811,54.35%,975,0.45%,8,1794
House District 42,Senate District 21,,Metro District 6,Multnomah Co Commissioner District 3,Portland,Tri-County Metropolitan Transportation District of Oregon (TriMet),,,,Portland School District,,Portland Community College Zone 3,EAST MULT.  SOIL & WATER 1,Congressional District 3,ESD Multnomah Zone 2,3,UFSWQD,4208,1,21872.5583171,14695352.1192,43.45%,803,55.68%,1029,0.87%,16,1848
House District 42,Senate District 21,,Metro District 6,Multnomah Co Commissioner District 3,Portland,Tri-County Metropolitan Transportation District of Oregon (TriMet),,,,Portland School District,,Portland Community College Zone 3,EAST MULT.  SOIL & WATER 2,Congressional District 3,ESD Multnomah Zone 3,3,UFSWQD,4203,A,23863.8565769,21784798.129,59.73%,1900,39.86%,1268,0.41%,13,3181
House District 42,Senate District 21,,Metro District 6,Multnomah Co Commissioner District 1,Portland,Tri-County Metropolitan Transportation District of Oregon (TriMet),,,,Portland School District,,Portland Community College Zone 3,EAST MULT.  SOIL & WATER 1,Congressional District 1,ESD Multnomah Zone 2,3,UFSWQD,4205,A,28987.198305,25818561.730500000,62.16%,1638,37.04%,976,0.80%,21,2635
House District 42,Senate District 21,,Metro District 6,Multnomah Co Commissioner District 1,Portland,Tri-County Metropolitan Transportation District of Oregon (TriMet),,,,Portland School District,,Portland Community College Zone 4,EAST MULT.  SOIL & WATER 2,Congressional District 1,ESD Multnomah Zone 2,3,UFSWQD,4201,1,25258.7994624,39227158.9397,60.47%,1337,38.99%,862,0.54%,12,2211
House District 43,Senate District 22,,Metro District 5,Multnomah Co Commissioner District 2,Portland,Tri-County Metropolitan Transportation District of Oregon (TriMet),,,,Portland School District,,Portland Community College Zone 2,EAST MULT.  SOIL & WATER 1,Congressional District 3,ESD Multnomah Zone 1,2,UFSWQD,4303,1,28608.7431832,31488691.7145,62.78%,1913,36.76%,1120,0.46%,14,3047
House District 41,Senate District 21,,Metro District 6,Multnomah Co Commissioner District 3,Portland,Tri-County Metropolitan Transportation District of Oregon (TriMet),,,,Portland School District,,Portland Community College Zone 3,EAST MULT.  SOIL & WATER 2,Congressional District 3,ESD Multnomah Zone 3,3,UFSWQD,4104,1,25110.55621,28363472.3017,52.82%,1405,46.47%,1236,0.71%,19,2660
House District 42,Senate District 21,,Metro District 6,Multnomah Co Commissioner District 1,Portland,Tri-County Metropolitan Transportation District of Oregon (TriMet),,,,Portland School District,,Portland Community College Zone 4,EAST MULT.  SOIL & WATER 2,Congressional District 1,ESD Multnomah Zone 2,3,UFSWQD,4202,A,20928.1439569,15652943.7603,58.61%,2191,41.06%,1535,0.32%,12,3738
House District 42,Senate District 21,,Metro District 6,Multnomah Co Commissioner District 3,Portland,Tri-County Metropolitan Transportation District of Oregon (TriMet),,,,Portland School District,,Portland Community College Zone 3,EAST MULT.  SOIL & WATER 2,Congressional District 3,ESD Multnomah Zone 2,3,UFSWQD,4204,1,25143.2068597,25812287.2565,54.45%,1902,45.20%,1579,0.34%,12,3493
House District 43,Senate District 22,,Metro District 5,Multnomah Co Commissioner District 2,Portland,Tri-County Metropolitan Transportation District of Oregon (TriMet),,,,Portland School District,,Portland Community College Zone 2,EAST MULT.  SOIL & WATER 1,Congressional District 3,ESD Multnomah Zone 1,2,UFSWQD,4307,1,34332.1599833,44308335.8605,55.43%,1928,44.34%,1542,0.23%,8,3478
House District 43,Senate District 22,,Metro District 5,Multnomah Co Commissioner District 2,Portland,Tri-County Metropolitan Transportation District of Oregon (TriMet),,,,Portland School District,,Portland Community College Zone 2,EAST MULT.  SOIL & WATER 1,Congressional District 3,ESD Multnomah Zone 1,2,UFSWQD,4305,1,32413.5627916,31954097.9594,52.78%,1868,46.62%,1650,0.59%,21,3539
House District 43,Senate District 22,,Metro District 5,Multnomah Co Commissioner District 2,Portland,Tri-County Metropolitan Transportation District of Oregon (TriMet),,,,Portland School District,,Portland Community College Zone 2,EAST MULT.  SOIL & WATER 1,Congressional District 3,ESD Multnomah Zone 1,2,UFSWQD,4306,A,18679.4628188,21745095.3975,45.08%,1737,54.58%,2103,0.34%,13,3853
House District 43,Senate District 22,,Metro District 5,Multnomah Co Commissioner District 2,Portland,Tri-County Metropolitan Transportation District of Oregon (TriMet),,,,Portland School District,,Portland Community College Zone 2,EAST MULT.  SOIL & WATER 1,Congressional District 3,ESD Multnomah Zone 1,2,UFSWQD,4302,1,29444.8537631,40464493.9008,60.90%,1285,38.72%,817,0.38%,8,2110
House District 43,Senate District 22,,Metro District 5,Multnomah Co Commissioner District 2,Portland,Tri-County Metropolitan Transportation District of Oregon (TriMet),,,,Portland School District,,Portland Community College Zone 2,EAST MULT.  SOIL & WATER 1,Congressional District 3,ESD Multnomah Zone 1,2,UFSWQD,4301,1,20083.7171793,19070012.137,60.15%,981,39.73%,648,0.12%,2,1631
House District 43,Senate District 22,,Metro District 5,Multnomah Co Commissioner District 2,Portland,Tri-County Metropolitan Transportation District of Oregon (TriMet),,,,Portland School District,,Portland Community College Zone 2,EAST MULT.  SOIL & WATER 1,Congressional District 3,ESD Multnomah Zone 1,2,UFSWQD,4304,A,23733.0006346,26693029.9285,54.76%,1750,44.99%,1438,0.25%,8,3196
House District 44,Senate District 22,,Metro District 5,Multnomah Co Commissioner District 2,Portland,Tri-County Metropolitan Transportation District of Oregon (TriMet),,,,Portland School District,,Portland Community College Zone 2,EAST MULT.  SOIL & WATER 1,Congressional District 3,ESD Multnomah Zone 1,1,UFSWQD,4406,B,58009.1236759,31844251.9462,48.06%,1153,51.52%,1236,0.42%,10,2399
House District 44,Senate District 22,,Metro District 5,Multnomah Co Commissioner District 2,Portland,Tri-County Metropolitan Transportation District of Oregon (TriMet),,,,Portland School District,,Portland Community College Zone 2,EAST MULT.  SOIL & WATER 1,Congressional District 3,ESD Multnomah Zone 1,2,UFSWQD,4406,A,96814.6374621,231033163.253,48.06%,1153,51.52%,1236,0.42%,10,2399
House District 44,Senate District 22,,Metro District 5,Multnomah Co Commissioner District 2,Portland,Tri-County Metropolitan Transportation District of Oregon (TriMet),,,,Portland School District,,Portland Community College Zone 2,EAST MULT.  SOIL & WATER 1,Congressional District 3,ESD Multnomah Zone 1,2,UFSWQD,4404,1,46405.390861,91227665.2872,50.94%,1677,48.54%,1598,0.52%,17,3292
House District 44,Senate District 22,,Metro District 5,Multnomah Co Commissioner District 2,Portland,Tri-County Metropolitan Transportation District of Oregon (TriMet),,,,Portland School District,,Portland Community College Zone 2,EAST MULT.  SOIL & WATER 1,Congressional District 3,ESD Multnomah Zone 1,2,UFSWQD,4403,1,32538.5147599,59560412.413000000,52.04%,1632,47.39%,1486,0.57%,18,3136
House District 44,Senate District 22,,Metro District 5,Multnomah Co Commissioner District 2,Portland,Tri-County Metropolitan Transportation District of Oregon (TriMet),,,,Portland School District,,Portland Community College Zone 2,EAST MULT.  SOIL & WATER 1,Congressional District 3,ESD Multnomah Zone 1,2,UFSWQD,4405,1,43362.0606408,49757929.5786,58.80%,1938,40.84%,1346,0.36%,12,3296
House District 42,Senate District 21,,Metro District 6,Multnomah Co Commissioner District 1,Portland,Tri-County Metropolitan Transportation District of Oregon (TriMet),,,,Portland School District,,Portland Community College Zone 3,EAST MULT.  SOIL & WATER 2,Congressional District 3,ESD Multnomah Zone 2,3,UFSWQD,4206,A,14856.127121,3340502.15528,59.54%,1329,40.19%,897,0.27%,6,2232
House District 42,Senate District 21,,Metro District 6,Multnomah Co Commissioner District 1,Portland,Tri-County Metropolitan Transportation District of Oregon (TriMet),,,,Portland School District,,Portland Community College Zone 3,EAST MULT.  SOIL & WATER 2,Congressional District 3,ESD Multnomah Zone 3,3,UFSWQD,4206,B,28189.6383327,23283756.7592,59.54%,1329,40.19%,897,0.27%,6,2232
House District 42,Senate District 21,,Metro District 6,Multnomah Co Commissioner District 1,Portland,Tri-County Metropolitan Transportation District of Oregon (TriMet),,,,Portland School District,,Portland Community College Zone 3,EAST MULT.  SOIL & WATER 2,Congressional District 3,ESD Multnomah Zone 3,4,UFSWQD,4206,C,19989.0255986,6062758.936970000,59.54%,1329,40.19%,897,0.27%,6,2232
House District 42,Senate District 21,,Metro District 6,Multnomah Co Commissioner District 3,Portland,Tri-County Metropolitan Transportation District of Oregon (TriMet),,,,Portland School District,,Portland Community College Zone 3,EAST MULT.  SOIL & WATER 2,Congressional District 3,ESD Multnomah Zone 2,3,UFSWQD,4203,B,13766.2647929,8343853.07816,59.73%,1900,39.86%,1268,0.41%,13,3181
House District 43,Senate District 22,,Metro District 5,Multnomah Co Commissioner District 2,Portland,Tri-County Metropolitan Transportation District of Oregon (TriMet),,,,Portland School District,,Portland Community College Zone 3,EAST MULT.  SOIL & WATER 1,Congressional District 3,ESD Multnomah Zone 1,2,UFSWQD,4306,B,12049.1570547,6477604.145630000,45.08%,1737,54.58%,2103,0.34%,13,3853
House District 43,Senate District 22,,Metro District 5,Multnomah Co Commissioner District 2,Portland,Tri-County Metropolitan Transportation District of Oregon (TriMet),,,,Portland School District,,Portland Community College Zone 3,EAST MULT.  SOIL & WATER 1,Congressional District 3,ESD Multnomah Zone 1,2,UFSWQD,4304,B,13731.243103,2779087.99103,54.76%,1750,44.99%,1438,0.25%,8,3196
House District 42,Senate District 21,,Metro District 6,Multnomah Co Commissioner District 1,Portland,Tri-County Metropolitan Transportation District of Oregon (TriMet),,,,Portland School District,,Portland Community College Zone 3,EAST MULT.  SOIL & WATER 2,Congressional District 1,ESD Multnomah Zone 2,3,UFSWQD,4202,B,24770.2684013,11429550.9596,58.61%,2191,41.06%,1535,0.32%,12,3738
House District 42,Senate District 21,,Metro District 6,Multnomah Co Commissioner District 1,Portland,Tri-County Metropolitan Transportation District of Oregon (TriMet),,,,Portland School District,,Portland Community College Zone 4,EAST MULT.  SOIL & WATER 1,Congressional District 1,ESD Multnomah Zone 2,3,UFSWQD,4205,B,18213.454906,6563235.335570000,62.16%,1638,37.04%,976,0.80%,21,2635
House District 38,Senate District 19,,Metro District 2,Multnomah Co Commissioner District 1,Lake Oswego,Tri-County Metropolitan Transportation District of Oregon (TriMet),,,,Lake Oswego School District,,Portland Community College Zone 1,WEST MULT.  SOIL & WATER 5,Congressional District 5,ESD Clackamas,,UFSWQD,3802,A,10997.3424085,1363930.8577,40.12%,333,59.04%,490,0.84%,7,830
House District 38,Senate District 19,,Metro District 2,Multnomah Co Commissioner District 1,Lake Oswego,Tri-County Metropolitan Transportation District of Oregon (TriMet),,,,Portland School District,,Portland Community College Zone 1,WEST MULT.  SOIL & WATER 5,Congressional District 5,ESD Multnomah Zone 3,,UFSWQD,3802,B,34358.9800777,13571921.946100000,40.12%,333,59.04%,490,0.84%,7,830
House District 38,Senate District 19,,Metro District 2,Multnomah Co Commissioner District 1,Portland,Tri-County Metropolitan Transportation District of Oregon (TriMet),,,,Portland School District,,Portland Community College Zone 1,WEST MULT.  SOIL & WATER 5,Congressional District 5,ESD Multnomah Zone 3,4,UFSWQD,3803,A,57816.2088491,111461167.705,39.82%,1659,59.99%,2499,0.19%,8,4166
House District 38,Senate District 19,Multnomah Co Unincorporated,Metro District 2,Multnomah Co Commissioner District 1,,Tri-County Metropolitan Transportation District of Oregon (TriMet),Riverdale Fire District #11J,,,Riverdale School District,,Portland Community College Zone 1,WEST MULT.  SOIL & WATER 5,Congressional District 5,ESD Multnomah Zone 3,,UFSWQD,3801,A,27502.1938034,7453584.12869,27.99%,157,71.66%,402,0.36%,2,561
House District 38,Senate District 19,Multnomah Co Unincorporated,Metro District 2,Multnomah Co Commissioner District 1,,Tri-County Metropolitan Transportation District of Oregon (TriMet),,Alto Park Water District,,Portland School District,,Portland Community College Zone 1,WEST MULT.  SOIL & WATER 5,Congressional District 5,ESD Multnomah Zone 3,,UFSWQD,3801,B,10569.9687446,4552039.41946,27.99%,157,71.66%,402,0.36%,2,561
House District 38,Senate District 19,Multnomah Co Unincorporated,Metro District 2,Multnomah Co Commissioner District 1,,Tri-County Metropolitan Transportation District of Oregon (TriMet),Riverdale Fire District #11J,Palatine Hill Water District,,Riverdale School District,,Portland Community College Zone 1,WEST MULT.  SOIL & WATER 5,Congressional District 5,ESD Multnomah Zone 3,,UFSWQD,3801,C,39315.0162765,25441285.8907,27.99%,157,71.66%,402,0.36%,2,561
House District 38,Senate District 19,,Metro District 2,Multnomah Co Commissioner District 1,Portland,Tri-County Metropolitan Transportation District of Oregon (TriMet),,,,Portland School District,,Portland Community College Zone 1,WEST MULT.  SOIL & WATER 5,Congressional District 5,ESD Multnomah Zone 3,4,UFSWQD,3804,1,33348.1390128,37067129.9817,42.99%,632,56.67%,833,0.34%,5,1470
House District 38,Senate District 19,,Metro District 6,Multnomah Co Commissioner District 1,Portland,Tri-County Metropolitan Transportation District of Oregon (TriMet),,,,Portland School District,,Portland Community College Zone 4,WEST MULT.  SOIL & WATER 5,Congressional District 5,ESD Multnomah Zone 3,4,UFSWQD,3803,B,4400.63449161,616940.595834,39.82%,1659,59.99%,2499,0.19%,8,4166
House District 38,Senate District 19,,Metro District 6,Multnomah Co Commissioner District 1,Portland,Tri-County Metropolitan Transportation District of Oregon (TriMet),,,,Portland School District,,Portland Community College Zone 5,WEST MULT.  SOIL & WATER 5,Congressional District 1,ESD Multnomah Zone 3,4,UFSWQD,3805,B,18245.1366009,14538960.3054,43.09%,1217,56.62%,1599,0.28%,8,2824
House District 38,Senate District 19,,Metro District 6,Multnomah Co Commissioner District 1,Portland,Tri-County Metropolitan Transportation District of Oregon (TriMet),,,,Portland School District,,Portland Community College Zone 4,WEST MULT.  SOIL & WATER 5,Congressional District 1,ESD Multnomah Zone 3,4,UFSWQD,3805,D,33435.0439472,28167012.1978,43.09%,1217,56.62%,1599,0.28%,8,2824
House District 38,Senate District 19,,Metro District 2,Multnomah Co Commissioner District 1,Portland,Tri-County Metropolitan Transportation District of Oregon (TriMet),,,,Portland School District,,Portland Community College Zone 1,WEST MULT.  SOIL & WATER 5,Congressional District 1,ESD Multnomah Zone 3,4,UFSWQD,3805,A,7138.71049733,792251.866296,43.09%,1217,56.62%,1599,0.28%,8,2824
House District 38,Senate District 19,,Metro District 2,Multnomah Co Commissioner District 1,Portland,Tri-County Metropolitan Transportation District of Oregon (TriMet),,,,Portland School District,,Portland Community College Zone 4,WEST MULT.  SOIL & WATER 5,Congressional District 1,ESD Multnomah Zone 3,4,UFSWQD,3805,C,8216.5372013,1016587.19454,43.09%,1217,56.62%,1599,0.28%,8,2824
House District 52,Senate District 26,Multnomah Co Unincorporated,,Multnomah Co Commissioner District 4,,,,,,Corbett School District,,Mt Hood Community College Zone 1,EAST MULT.  SOIL & WATER 3,Congressional District 3,ESD Multnomah Zone 5,,,5202,A,404126.082698,4038674975.6400000,27.25%,491,72.14%,1300,0.61%,11,1802
House District 52,Senate District 26,Multnomah Co Unincorporated,,Multnomah Co Commissioner District 4,,,Multnomah County Fire District #10,,,Gresham-Barlow School District,,Mt Hood Community College Zone 1,EAST MULT.  SOIL & WATER 2,Congressional District 3,ESD Multnomah Zone 5,,,5202,B,85573.08043070000,102129953.494,27.25%,491,72.14%,1300,0.61%,11,1802
House District 52,Senate District 26,Multnomah Co Unincorporated,,Multnomah Co Commissioner District 4,,,Multnomah County Rural Fire District #14,,,Corbett School District,,Mt Hood Community College Zone 1,EAST MULT.  SOIL & WATER 3,Congressional District 3,ESD Multnomah Zone 5,,,5202,C,229178.142948,622112459.983,27.25%,491,72.14%,1300,0.61%,11,1802
House District 52,Senate District 26,Multnomah Co Unincorporated,,Multnomah Co Commissioner District 4,,,Multnomah County Fire District #10,Lusted Water District,,Gresham-Barlow School District,,Mt Hood Community College Zone 1,EAST MULT.  SOIL & WATER 2,Congressional District 3,ESD Multnomah Zone 5,,,5202,D,15282.5592886,9426065.83213,27.25%,491,72.14%,1300,0.61%,11,1802
House District 52,Senate District 26,Multnomah Co Unincorporated,,Multnomah Co Commissioner District 4,,,Multnomah County Fire District #10,Pleasant Home Water District,,Gresham-Barlow School District,,Mt Hood Community College Zone 1,EAST MULT.  SOIL & WATER 2,Congressional District 3,ESD Multnomah Zone 5,,,5202,E,34737.6983612,40914742.25,27.25%,491,72.14%,1300,0.61%,11,1802
House District 52,Senate District 26,Multnomah Co Unincorporated,,Multnomah Co Commissioner District 4,,,Multnomah County Rural Fire District #14,Corbett Water District,,Corbett School District,,Mt Hood Community College Zone 1,EAST MULT.  SOIL & WATER 3,Congressional District 3,ESD Multnomah Zone 5,,,5202,F,124396.137272,418590356.867,27.25%,491,72.14%,1300,0.61%,11,1802
House District 52,Senate District 26,Multnomah Co Unincorporated,Metro District 1,Multnomah Co Commissioner District 4,,Tri-County Metropolitan Transportation District of Oregon (TriMet),Multnomah County Fire District #10,,,Reynolds School District,,Mt Hood Community College Zone 1,EAST MULT.  SOIL & WATER 3,Congressional District 3,ESD Multnomah Zone 5,,,5202,H,54842.2165117,144984419.046,27.25%,491,72.14%,1300,0.61%,11,1802
House District 52,Senate District 26,Multnomah Co Unincorporated,,Multnomah Co Commissioner District 4,,Tri-County Metropolitan Transportation District of Oregon (TriMet),Multnomah County Fire District #10,Lusted Water District,,Gresham-Barlow School District,,Mt Hood Community College Zone 1,EAST MULT.  SOIL & WATER 2,Congressional District 3,ESD Multnomah Zone 5,,,5202,I,2056.39952122,176941.044636,27.25%,491,72.14%,1300,0.61%,11,1802
House District 52,Senate District 26,Multnomah Co Unincorporated,,Multnomah Co Commissioner District 4,,Tri-County Metropolitan Transportation District of Oregon (TriMet),Multnomah County Fire District #10,Pleasant Home Water District,,Gresham-Barlow School District,,Mt Hood Community College Zone 1,EAST MULT.  SOIL & WATER 2,Congressional District 3,ESD Multnomah Zone 5,,,5202,J,19650.7253481,11048515.0066,27.25%,491,72.14%,1300,0.61%,11,1802
House District 52,Senate District 26,Multnomah Co Unincorporated,Metro District 1,Multnomah Co Commissioner District 4,,Tri-County Metropolitan Transportation District of Oregon (TriMet),Multnomah County Fire District #10,Lusted Water District,,Gresham-Barlow School District,,Mt Hood Community College Zone 1,EAST MULT.  SOIL & WATER 2,Congressional District 3,ESD Multnomah Zone 5,,,5202,K,73031.13885610000,99112085.46750000,27.25%,491,72.14%,1300,0.61%,11,1802
House District 52,Senate District 26,Multnomah Co Unincorporated,Metro District 1,Multnomah Co Commissioner District 4,,Tri-County Metropolitan Transportation District of Oregon (TriMet),Multnomah County Fire District #10,Pleasant Home Water District,,Gresham-Barlow School District,,Mt Hood Community College Zone 1,EAST MULT.  SOIL & WATER 2,Congressional District 3,ESD Multnomah Zone 5,,,5202,L,40775.8874144,49630654.7763,27.25%,491,72.14%,1300,0.61%,11,1802
House District 52,Senate District 26,Multnomah Co Unincorporated,Metro District 1,Multnomah Co Commissioner District 4,,Tri-County Metropolitan Transportation District of Oregon (TriMet),Multnomah County Rural Fire District #14,Corbett Water District,,Corbett School District,,Mt Hood Community College Zone 1,EAST MULT.  SOIL & WATER 3,Congressional District 3,ESD Multnomah Zone 5,,,5202,M,53995.6648951,98810307.24280000,27.25%,491,72.14%,1300,0.61%,11,1802
House District 52,Senate District 26,Multnomah Co Unincorporated,Metro District 1,Multnomah Co Commissioner District 4,,Tri-County Metropolitan Transportation District of Oregon (TriMet),Multnomah County Rural Fire District #14,Corbett Water District,,Reynolds School District,,Mt Hood Community College Zone 1,EAST MULT.  SOIL & WATER 3,Congressional District 3,ESD Multnomah Zone 5,,,5202,N,38965.9219116,7875150.53184,27.25%,491,72.14%,1300,0.61%,11,1802
House District 52,Senate District 26,Multnomah Co Unincorporated,Metro District 1,Multnomah Co Commissioner District 4,,Tri-County Metropolitan Transportation District of Oregon (TriMet),Multnomah County Fire District #10,,,Gresham-Barlow School District,,Mt Hood Community College Zone 1,EAST MULT.  SOIL & WATER 2,Congressional District 3,ESD Multnomah Zone 5,,,5202,G,65678.110363,57189307.459800000,27.25%,491,72.14%,1300,0.61%,11,1802
House District 52,Senate District 26,Multnomah Co Unincorporated,Metro District 1,Multnomah Co Commissioner District 4,,Tri-County Metropolitan Transportation District of Oregon (TriMet),Multnomah County Fire District #10,,,Gresham-Barlow School District,,Mt Hood Community College Zone 2,EAST MULT.  SOIL & WATER 2,Congressional District 3,ESD Multnomah Zone 5,,,5202,Q,6578.04820986,2596077.30194,27.25%,491,72.14%,1300,0.61%,11,1802
House District 47,Senate District 24,,Metro District 1,Multnomah Co Commissioner District 4,Portland,Tri-County Metropolitan Transportation District of Oregon (TriMet),,,,Centennial School District,ROCKWOOD  P.U.D. D1,Mt Hood Community College Zone 4,EAST MULT.  SOIL & WATER 2,Congressional District 3,ESD Multnomah Zone 4,1,UFSWQD,4704,A,15155.2509762,12908354.7998,33.16%,377,65.70%,747,1.14%,13,1137
House District 47,Senate District 24,,Metro District 1,Multnomah Co Commissioner District 4,Portland,Tri-County Metropolitan Transportation District of Oregon (TriMet),,,,Reynolds School District,ROCKWOOD  P.U.D. D5,Mt Hood Community College Zone 3,EAST MULT.  SOIL & WATER 1,Congressional District 3,ESD Multnomah Zone 5,1,UFSWQD,4703,B,10637.4636434,6207601.82952,36.19%,693,63.50%,1216,0.31%,6,1915
House District 47,Senate District 24,,Metro District 1,Multnomah Co Commissioner District 4,Portland,Tri-County Metropolitan Transportation District of Oregon (TriMet),,,,Reynolds School District,ROCKWOOD  P.U.D. D1,Mt Hood Community College Zone 5,EAST MULT.  SOIL & WATER 1,Congressional District 3,ESD Multnomah Zone 5,1,UFSWQD,4703,C,7626.54378483,2467682.79026,36.19%,693,63.50%,1216,0.31%,6,1915
House District 47,Senate District 24,,Metro District 1,Multnomah Co Commissioner District 4,Portland,Tri-County Metropolitan Transportation District of Oregon (TriMet),,,,Centennial School District,ROCKWOOD  P.U.D. D1,Mt Hood Community College Zone 5,EAST MULT.  SOIL & WATER 2,Congressional District 3,ESD Multnomah Zone 4,1,UFSWQD,4704,D,16923.5132405,11186733.0328,33.16%,377,65.70%,747,1.14%,13,1137
House District 47,Senate District 24,,Metro District 1,Multnomah Co Commissioner District 4,Portland,Tri-County Metropolitan Transportation District of Oregon (TriMet),,,,Centennial School District,,Mt Hood Community College Zone 4,EAST MULT.  SOIL & WATER 2,Congressional District 3,ESD Multnomah Zone 4,1,UFSWQD,4704,B,11086.7285374,5382505.11644,33.16%,377,65.70%,747,1.14%,13,1137
House District 47,Senate District 24,,Metro District 1,Multnomah Co Commissioner District 4,Portland,Tri-County Metropolitan Transportation District of Oregon (TriMet),,,,Reynolds School District,,Mt Hood Community College Zone 3,EAST MULT.  SOIL & WATER 1,Congressional District 3,ESD Multnomah Zone 5,1,UFSWQD,4703,A,22220.5993694,19853065.5633,36.19%,693,63.50%,1216,0.31%,6,1915
House District 47,Senate District 24,,Metro District 1,Multnomah Co Commissioner District 3,Portland,Tri-County Metropolitan Transportation District of Oregon (TriMet),,,,David Douglas School District,,Mt Hood Community College Zone 3,EAST MULT.  SOIL & WATER 1,Congressional District 3,ESD Multnomah Zone 4,1,UFSWQD,4707,A,26338.9113747,27727432.1608,46.97%,906,52.26%,1008,0.78%,15,1929
House District 47,Senate District 24,,Metro District 1,Multnomah Co Commissioner District 3,Portland,Tri-County Metropolitan Transportation District of Oregon (TriMet),,,,David Douglas School District,,Mt Hood Community College Zone 4,EAST MULT.  SOIL & WATER 2,Congressional District 3,ESD Multnomah Zone 4,1,UFSWQD,4708,A,32820.1348299,40959608.9072,43.88%,824,55.59%,1044,0.53%,10,1878
House District 47,Senate District 24,,Metro District 1,Multnomah Co Commissioner District 3,Portland,Tri-County Metropolitan Transportation District of Oregon (TriMet),,,,Reynolds School District,,Mt Hood Community College Zone 3,EAST MULT.  SOIL & WATER 1,Congressional District 3,ESD Multnomah Zone 5,1,UFSWQD,4710,A,20935.9158137,4129431.4947,40.44%,167,58.84%,243,0.73%,3,413
House District 47,Senate District 24,,Metro District 1,Multnomah Co Commissioner District 3,Portland,Tri-County Metropolitan Transportation District of Oregon (TriMet),,,,Parkrose School District,,Mt Hood Community College Zone 3,EAST MULT.  SOIL & WATER 1,Congressional District 3,ESD Multnomah Zone 4,1,UFSWQD,4706,A,24578.0046455,28755104.2469,37.35%,431,61.87%,714,0.78%,9,1154
House District 47,Senate District 24,,Metro District 5,Multnomah Co Commissioner District 3,Portland,Tri-County Metropolitan Transportation District of Oregon (TriMet),,,,Parkrose School District,,Mt Hood Community College Zone 3,EAST MULT.  SOIL & WATER 1,Congressional District 3,ESD Multnomah Zone 4,1,UFSWQD,4705,1,22734.1367935,28353011.405,40.44%,499,58.18%,718,1.38%,17,1234
House District 47,Senate District 24,,Metro District 6,Multnomah Co Commissioner District 3,Portland,Tri-County Metropolitan Transportation District of Oregon (TriMet),,,,Portland School District,,Portland Community College Zone 3,EAST MULT.  SOIL & WATER 2,Congressional District 3,ESD Multnomah Zone 2,1,UFSWQD,4702,A,5072.51123677,814844.075772,39.42%,313,59.82%,475,0.76%,6,794
House District 47,Senate District 24,,Metro District 6,Multnomah Co Commissioner District 3,Portland,Tri-County Metropolitan Transportation District of Oregon (TriMet),,,,Portland School District,,Mt Hood Community College Zone 4,EAST MULT.  SOIL & WATER 2,Congressional District 3,ESD Multnomah Zone 2,1,UFSWQD,4702,C,3995.98892257,402294.947487,39.42%,313,59.82%,475,0.76%,6,794
House District 47,Senate District 24,,Metro District 6,Multnomah Co Commissioner District 3,Portland,Tri-County Metropolitan Transportation District of Oregon (TriMet),,,,David Douglas School District,,Mt Hood Community College Zone 4,EAST MULT.  SOIL & WATER 2,Congressional District 3,ESD Multnomah Zone 4,1,UFSWQD,4702,B,24469.9221676,22968151.3983,39.42%,313,59.82%,475,0.76%,6,794
House District 47,Senate District 24,,Metro District 1,Multnomah Co Commissioner District 3,Portland,Tri-County Metropolitan Transportation District of Oregon (TriMet),,,,David Douglas School District,ROCKWOOD  P.U.D. D1,Mt Hood Community College Zone 4,EAST MULT.  SOIL & WATER 1,Congressional District 3,ESD Multnomah Zone 4,1,UFSWQD,4708,B,14176.7885882,6411368.27579,43.88%,824,55.59%,1044,0.53%,10,1878
House District 47,Senate District 24,,Metro District 1,Multnomah Co Commissioner District 3,Portland,Tri-County Metropolitan Transportation District of Oregon (TriMet),,,,Reynolds School District,ROCKWOOD  P.U.D. D4,Mt Hood Community College Zone 3,EAST MULT.  SOIL & WATER 1,Congressional District 3,ESD Multnomah Zone 5,1,UFSWQD,4710,B,22976.9288119,11247071.3193,40.44%,167,58.84%,243,0.73%,3,413
House District 47,Senate District 24,,Metro District 1,Multnomah Co Commissioner District 3,Portland,Tri-County Metropolitan Transportation District of Oregon (TriMet),,,,Parkrose School District,ROCKWOOD  P.U.D. D4,Mt Hood Community College Zone 3,EAST MULT.  SOIL & WATER 1,Congressional District 3,ESD Multnomah Zone 4,1,UFSWQD,4706,B,13378.3439606,6118595.05257,37.35%,431,61.87%,714,0.78%,9,1154
House District 47,Senate District 24,,Metro District 1,Multnomah Co Commissioner District 3,Portland,Tri-County Metropolitan Transportation District of Oregon (TriMet),,,,David Douglas School District,ROCKWOOD  P.U.D. D4,Mt Hood Community College Zone 3,EAST MULT.  SOIL & WATER 1,Congressional District 3,ESD Multnomah Zone 4,1,UFSWQD,4708,C,4655.87170105,839607.382048,43.88%,824,55.59%,1044,0.53%,10,1878
House District 47,Senate District 24,,Metro District 1,Multnomah Co Commissioner District 4,Portland,Tri-County Metropolitan Transportation District of Oregon (TriMet),,,,Reynolds School District,ROCKWOOD  P.U.D. D4,Mt Hood Community College Zone 3,EAST MULT.  SOIL & WATER 1,Congressional District 3,ESD Multnomah Zone 5,1,UFSWQD,4703,D,23324.2360909,11851262.1338,36.19%,693,63.50%,1216,0.31%,6,1915
House District 47,Senate District 24,,Metro District 1,Multnomah Co Commissioner District 4,Portland,Tri-County Metropolitan Transportation District of Oregon (TriMet),,,,Centennial School District,ROCKWOOD  P.U.D. D4,Mt Hood Community College Zone 4,EAST MULT.  SOIL & WATER 2,Congressional District 3,ESD Multnomah Zone 4,1,UFSWQD,4704,C,5927.20456888,1276825.65718,33.16%,377,65.70%,747,1.14%,13,1137
House District 47,Senate District 24,,Metro District 6,Multnomah Co Commissioner District 3,Portland,Tri-County Metropolitan Transportation District of Oregon (TriMet),,,,Portland School District,,Portland Community College Zone 3,EAST MULT.  SOIL & WATER 2,Congressional District 3,ESD Multnomah Zone 4,1,UFSWQD,4702,D,1019.10774666,58712.8098212,39.42%,313,59.82%,475,0.76%,6,794
House District 47,Senate District 24,,Metro District 1,Multnomah Co Commissioner District 3,Portland,Tri-County Metropolitan Transportation District of Oregon (TriMet),,,,Reynolds School District,,Mt Hood Community College Zone 3,EAST MULT.  SOIL & WATER 1,Congressional District 3,ESD Multnomah Zone 4,1,UFSWQD,4710,C,2179.72001273,63166.9187862,40.44%,167,58.84%,243,0.73%,3,413
House District 47,Senate District 24,,Metro District 1,Multnomah Co Commissioner District 3,Portland,Tri-County Metropolitan Transportation District of Oregon (TriMet),,,,David Douglas School District,,Mt Hood Community College Zone 4,EAST MULT.  SOIL & WATER 1,Congressional District 3,ESD Multnomah Zone 4,1,UFSWQD,4707,B,15792.9420034,13938373.8099,46.97%,906,52.26%,1008,0.78%,15,1929
House District 47,Senate District 24,,Metro District 6,Multnomah Co Commissioner District 3,Portland,Tri-County Metropolitan Transportation District of Oregon (TriMet),,,,David Douglas School District,,Mt Hood Community College Zone 3,EAST MULT.  SOIL & WATER 2,Congressional District 3,ESD Multnomah Zone 4,1,UFSWQD,4702,E,8783.00786592,4562492.59613,39.42%,313,59.82%,475,0.76%,6,794
House District 47,Senate District 24,,Metro District 1,Multnomah Co Commissioner District 4,Portland,Tri-County Metropolitan Transportation District of Oregon (TriMet),,,,Centennial School District,,Mt Hood Community College Zone 5,EAST MULT.  SOIL & WATER 2,Congressional District 3,ESD Multnomah Zone 4,1,UFSWQD,4704,E,5419.74150404,1763060.59514,33.16%,377,65.70%,747,1.14%,13,1137
House District 48,Senate District 24,,Metro District 1,Multnomah Co Commissioner District 4,Gresham,Tri-County Metropolitan Transportation District of Oregon (TriMet),,,,Centennial School District,,Mt Hood Community College Zone 5,EAST MULT.  SOIL & WATER 2,Congressional District 3,ESD Multnomah Zone 4,,UFSWQD,4808,1,41382.8656233,31859396.5148,30.43%,210,68.70%,474,0.87%,6,690
House District 49,Senate District 25,,Metro District 1,Multnomah Co Commissioner District 4,Fairview,Tri-County Metropolitan Transportation District of Oregon (TriMet),,,,Reynolds School District,,Mt Hood Community College Zone 1,EAST MULT.  SOIL & WATER 1,Congressional District 3,ESD Multnomah Zone 5,,UFSWQD,4903,A,70805.2857033,88688187.386,33.86%,512,65.61%,992,0.53%,8,1512
House District 49,Senate District 25,,Metro District 1,Multnomah Co Commissioner District 4,Gresham,Tri-County Metropolitan Transportation District of Oregon (TriMet),,,,Gresham-Barlow School District,,Mt Hood Community College Zone 1,EAST MULT.  SOIL & WATER 1,Congressional District 3,ESD Multnomah Zone 5,,UFSWQD,4908,B,62392.7544686,58522777.32040000,35.37%,702,63.88%,1268,0.76%,15,1985
House District 49,Senate District 25,,Metro District 1,Multnomah Co Commissioner District 4,Troutdale,Tri-County Metropolitan Transportation District of Oregon (TriMet),,,,Gresham-Barlow School District,,Mt Hood Community College Zone 1,EAST MULT.  SOIL & WATER 2,Congressional District 3,ESD Multnomah Zone 5,,UFSWQD,4905,B,18942.0218911,2802468.06578,28.12%,645,70.97%,1628,0.92%,21,2294
House District 49,Senate District 25,,Metro District 1,Multnomah Co Commissioner District 4,Troutdale,Tri-County Metropolitan Transportation District of Oregon (TriMet),,,,Reynolds School District,,Mt Hood Community College Zone 1,EAST MULT.  SOIL & WATER 1,Congressional District 3,ESD Multnomah Zone 5,,UFSWQD,4906,1,58802.9219453,94816315.874,34.96%,229,63.51%,416,1.53%,10,655
House District 49,Senate District 25,,Metro District 1,Multnomah Co Commissioner District 4,Wood Village,Tri-County Metropolitan Transportation District of Oregon (TriMet),,,,Reynolds School District,,Mt Hood Community College Zone 1,EAST MULT.  SOIL & WATER 1,Congressional District 3,ESD Multnomah Zone 5,,UFSWQD,4904,1,27134.1029915,26519176.3624,33.65%,142,65.88%,278,0.47%,2,422
House District 50,Senate District 25,,Metro District 1,Multnomah Co Commissioner District 4,Gresham,Tri-County Metropolitan Transportation District of Oregon (TriMet),,,,Gresham-Barlow School District,,Mt Hood Community College Zone 2,EAST MULT.  SOIL & WATER 2,Congressional District 3,ESD Multnomah Zone 5,,UFSWQD,5006,A,55029.8017018,90932396.017,28.51%,668,70.38%,1649,1.11%,26,2343
House District 50,Senate District 25,,Metro District 1,Multnomah Co Commissioner District 4,Gresham,Tri-County Metropolitan Transportation District of Oregon (TriMet),,,,Centennial School District,,Mt Hood Community College Zone 5,EAST MULT.  SOIL & WATER 2,Congressional District 3,ESD Multnomah Zone 4,,UFSWQD,5004,A,52057.5592592,40909437.4268,28.14%,372,71.26%,942,0.61%,8,1322
House District 52,Senate District 26,,Metro District 1,Multnomah Co Commissioner District 4,Gresham,Tri-County Metropolitan Transportation District of Oregon (TriMet),,,,Gresham-Barlow School District,,Mt Hood Community College Zone 2,EAST MULT.  SOIL & WATER 2,Congressional District 3,ESD Multnomah Zone 5,,UFSWQD,5201,A,22505.1532593,15148298.6234,24.00%,198,75.76%,625,0.24%,2,825
House District 49,Senate District 25,,Metro District 1,Multnomah Co Commissioner District 4,Fairview,Tri-County Metropolitan Transportation District of Oregon (TriMet),,,,Reynolds School District,ROCKWOOD  P.U.D. D3,Mt Hood Community College Zone 1,EAST MULT.  SOIL & WATER 1,Congressional District 3,ESD Multnomah Zone 5,,UFSWQD,4903,B,14426.4471482,8880197.42077,33.86%,512,65.61%,992,0.53%,8,1512
House District 49,Senate District 25,,Metro District 1,Multnomah Co Commissioner District 4,Gresham,Tri-County Metropolitan Transportation District of Oregon (TriMet),,,,Gresham-Barlow School District,ROCKWOOD  P.U.D. D3,Mt Hood Community College Zone 1,EAST MULT.  SOIL & WATER 1,Congressional District 3,ESD Multnomah Zone 5,,UFSWQD,4908,A,33359.730726,25149834.8563,35.37%,702,63.88%,1268,0.76%,15,1985
House District 49,Senate District 25,,Metro District 1,Multnomah Co Commissioner District 4,Gresham,Tri-County Metropolitan Transportation District of Oregon (TriMet),,,,Reynolds School District,ROCKWOOD  P.U.D. D3,Mt Hood Community College Zone 3,EAST MULT.  SOIL & WATER 1,Congressional District 3,ESD Multnomah Zone 5,,UFSWQD,4907,B,32415.3973301,45447915.9439,40.98%,504,58.21%,716,0.81%,10,1230
House District 49,Senate District 25,,Metro District 1,Multnomah Co Commissioner District 4,Troutdale,Tri-County Metropolitan Transportation District of Oregon (TriMet),Multnomah County Rural Fire District #14,,,Reynolds School District,,Mt Hood Community College Zone 1,EAST MULT.  SOIL & WATER 3,Congressional District 3,ESD Multnomah Zone 5,,UFSWQD,4905,C,14334.7033071,5055435.36169,28.12%,645,70.97%,1628,0.92%,21,2294
House District 50,Senate District 25,Multnomah Co Unincorporated,Metro District 1,Multnomah Co Commissioner District 4,,Tri-County Metropolitan Transportation District of Oregon (TriMet),Multnomah County Fire District #10,,,Centennial School District,,Mt Hood Community College Zone 5,EAST MULT.  SOIL & WATER 2,Congressional District 3,ESD Multnomah Zone 4,,UFSWQD,5009,C,10351.630925,4896944.77452,27.06%,23,71.76%,61,1.18%,1,85
House District 50,Senate District 25,,Metro District 1,Multnomah Co Commissioner District 4,Gresham,Tri-County Metropolitan Transportation District of Oregon (TriMet),,,,Gresham-Barlow School District,ROCKWOOD  P.U.D. D2,Mt Hood Community College Zone 5,EAST MULT.  SOIL & WATER 2,Congressional District 3,ESD Multnomah Zone 5,,UFSWQD,5002,B,21664.5328506,8345928.6254,36.71%,591,62.73%,1010,0.56%,9,1610
House District 50,Senate District 25,,Metro District 1,Multnomah Co Commissioner District 4,Gresham,Tri-County Metropolitan Transportation District of Oregon (TriMet),,,,Centennial School District,ROCKWOOD  P.U.D. D2,Mt Hood Community College Zone 5,EAST MULT.  SOIL & WATER 2,Congressional District 3,ESD Multnomah Zone 4,,UFSWQD,5002,C,25381.6619788,30650120.8309,36.71%,591,62.73%,1010,0.56%,9,1610
House District 50,Senate District 25,,Metro District 1,Multnomah Co Commissioner District 4,Gresham,Tri-County Metropolitan Transportation District of Oregon (TriMet),,,,Reynolds School District,ROCKWOOD  P.U.D. D2,Mt Hood Community College Zone 5,EAST MULT.  SOIL & WATER 2,Congressional District 3,ESD Multnomah Zone 5,,UFSWQD,5002,A,22823.0284749,16263902.9906,36.71%,591,62.73%,1010,0.56%,9,1610
House District 49,Senate District 25,Multnomah Co Unincorporated,Metro District 1,Multnomah Co Commissioner District 4,,Tri-County Metropolitan Transportation District of Oregon (TriMet),Multnomah County Fire District #10,,,Reynolds School District,INTERLACHEN WATER P.U.D. Sub-District 4,Mt Hood Community College Zone 1,EAST MULT.  SOIL & WATER 1,Congressional District 3,ESD Multnomah Zone 5,,UFSWQD,4902,D,3994.00046387,947062.114888,21.28%,30,77.30%,109,1.42%,2,141
House District 50,Senate District 25,Multnomah Co Unincorporated,Metro District 1,Multnomah Co Commissioner District 4,,Tri-County Metropolitan Transportation District of Oregon (TriMet),Multnomah County Fire District #10,Lusted Water District,,Gresham-Barlow School District,,Mt Hood Community College Zone 2,EAST MULT.  SOIL & WATER 2,Congressional District 3,ESD Multnomah Zone 5,,UFSWQD,5009,B,2152.6770259,222927.917699,27.06%,23,71.76%,61,1.18%,1,85
House District 49,Senate District 25,,Metro District 1,Multnomah Co Commissioner District 4,Troutdale,Tri-County Metropolitan Transportation District of Oregon (TriMet),,,,Reynolds School District,,Mt Hood Community College Zone 1,EAST MULT.  SOIL & WATER 1,Congressional District 3,ESD Multnomah Zone 5,,UFSWQD,4905,A,39223.47975540000,64552226.64920000,28.12%,645,70.97%,1628,0.92%,21,2294
House District 49,Senate District 25,,Metro District 1,Multnomah Co Commissioner District 4,Gresham,Tri-County Metropolitan Transportation District of Oregon (TriMet),,,,Reynolds School District,ROCKWOOD  P.U.D. D5,Mt Hood Community College Zone 5,EAST MULT.  SOIL & WATER 1,Congressional District 3,ESD Multnomah Zone 5,,UFSWQD,4909,A,15869.7052133,13893661.1892,36.87%,424,62.43%,718,0.70%,8,1150
House District 50,Senate District 25,,Metro District 1,Multnomah Co Commissioner District 4,Gresham,Tri-County Metropolitan Transportation District of Oregon (TriMet),,,,Gresham-Barlow School District,,Mt Hood Community College Zone 1,EAST MULT.  SOIL & WATER 2,Congressional District 3,ESD Multnomah Zone 5,,UFSWQD,5008,A,33983.7450772,36604646.4133,24.23%,528,75.45%,1644,0.32%,7,2179
House District 50,Senate District 25,,Metro District 1,Multnomah Co Commissioner District 4,Gresham,Tri-County Metropolitan Transportation District of Oregon (TriMet),,,,Gresham-Barlow School District,,Mt Hood Community College Zone 2,EAST MULT.  SOIL & WATER 2,Congressional District 3,ESD Multnomah Zone 5,,UFSWQD,5007,A,49189.6581404,65055081.68380000,31.05%,539,68.09%,1182,0.86%,15,1736
House District 50,Senate District 25,,Metro District 1,Multnomah Co Commissioner District 4,Gresham,Tri-County Metropolitan Transportation District of Oregon (TriMet),,,,Gresham-Barlow School District,,Mt Hood Community College Zone 2,EAST MULT.  SOIL & WATER 2,Congressional District 3,ESD Multnomah Zone 5,,UFSWQD,5005,A,26081.0636664,27894116.370300000,34.72%,758,64.41%,1406,0.87%,19,2183
House District 49,Senate District 25,Multnomah Co Unincorporated,Metro District 1,Multnomah Co Commissioner District 4,,Tri-County Metropolitan Transportation District of Oregon (TriMet),Multnomah County Fire District #10,,,Reynolds School District,INTERLACHEN WATER P.U.D. Sub-District 1,Mt Hood Community College Zone 1,EAST MULT.  SOIL & WATER 1,Congressional District 3,ESD Multnomah Zone 5,,UFSWQD,4902,A,6181.45986819,1743399.92894,21.28%,30,77.30%,109,1.42%,2,141
House District 49,Senate District 25,Multnomah Co Unincorporated,Metro District 1,Multnomah Co Commissioner District 4,,Tri-County Metropolitan Transportation District of Oregon (TriMet),Multnomah County Fire District #10,,,Reynolds School District,INTERLACHEN WATER P.U.D. Sub-District 2,Mt Hood Community College Zone 1,EAST MULT.  SOIL & WATER 1,Congressional District 3,ESD Multnomah Zone 5,,UFSWQD,4902,B,5115.66225654,1595259.52325,21.28%,30,77.30%,109,1.42%,2,141
House District 49,Senate District 25,Multnomah Co Unincorporated,Metro District 1,Multnomah Co Commissioner District 4,,Tri-County Metropolitan Transportation District of Oregon (TriMet),Multnomah County Fire District #10,,,Reynolds School District,INTERLACHEN WATER P.U.D. Sub-District 3,Mt Hood Community College Zone 1,EAST MULT.  SOIL & WATER 1,Congressional District 3,ESD Multnomah Zone 5,,UFSWQD,4902,C,4807.30150558,1308176.02127,21.28%,30,77.30%,109,1.42%,2,141
House District 49,Senate District 25,Multnomah Co Unincorporated,Metro District 1,Multnomah Co Commissioner District 4,,Tri-County Metropolitan Transportation District of Oregon (TriMet),Multnomah County Fire District #10,,,Reynolds School District,INTERLACHEN WATER P.U.D. Sub-District 5,Mt Hood Community College Zone 1,EAST MULT.  SOIL & WATER 1,Congressional District 3,ESD Multnomah Zone 5,,UFSWQD,4902,E,4427.93629855,874214.242588,21.28%,30,77.30%,109,1.42%,2,141
House District 49,Senate District 25,,Metro District 1,Multnomah Co Commissioner District 4,Gresham,Tri-County Metropolitan Transportation District of Oregon (TriMet),,,,Reynolds School District,ROCKWOOD  P.U.D. D4,Mt Hood Community College Zone 3,EAST MULT.  SOIL & WATER 1,Congressional District 3,ESD Multnomah Zone 5,,UFSWQD,4909,B,18925.1530082,12423916.3136,36.87%,424,62.43%,718,0.70%,8,1150
House District 49,Senate District 25,,Metro District 1,Multnomah Co Commissioner District 4,Gresham,Tri-County Metropolitan Transportation District of Oregon (TriMet),,,,Reynolds School District,ROCKWOOD  P.U.D. D3,Mt Hood Community College Zone 3,EAST MULT.  SOIL & WATER 1,Congressional District 3,ESD Multnomah Zone 5,,UFSWQD,4909,C,12287.3243255,7907855.08098,36.87%,424,62.43%,718,0.70%,8,1150
House District 49,Senate District 25,,Metro District 1,Multnomah Co Commissioner District 4,Gresham,Tri-County Metropolitan Transportation District of Oregon (TriMet),,,,Reynolds School District,ROCKWOOD  P.U.D. D5,Mt Hood Community College Zone 3,EAST MULT.  SOIL & WATER 1,Congressional District 3,ESD Multnomah Zone 5,,UFSWQD,4907,D,6139.5331216,1946933.7194,40.98%,504,58.21%,716,0.81%,10,1230
House District 50,Senate District 25,,Metro District 1,Multnomah Co Commissioner District 4,Gresham,Tri-County Metropolitan Transportation District of Oregon (TriMet),,,,Gresham-Barlow School District,ROCKWOOD  P.U.D. D3,Mt Hood Community College Zone 1,EAST MULT.  SOIL & WATER 2,Congressional District 3,ESD Multnomah Zone 5,,UFSWQD,5002,G,2441.94492342,350625.496159,36.71%,591,62.73%,1010,0.56%,9,1610
House District 50,Senate District 25,,Metro District 1,Multnomah Co Commissioner District 4,Gresham,Tri-County Metropolitan Transportation District of Oregon (TriMet),,,,Centennial School District,ROCKWOOD  P.U.D. D1,Mt Hood Community College Zone 5,EAST MULT.  SOIL & WATER 2,Congressional District 3,ESD Multnomah Zone 4,,UFSWQD,5002,I,8318.89322092,842174.199752,36.71%,591,62.73%,1010,0.56%,9,1610
House District 50,Senate District 25,,Metro District 1,Multnomah Co Commissioner District 4,Gresham,Tri-County Metropolitan Transportation District of Oregon (TriMet),,,,Reynolds School District,ROCKWOOD  P.U.D. D1,Mt Hood Community College Zone 5,EAST MULT.  SOIL & WATER 2,Congressional District 3,ESD Multnomah Zone 5,,UFSWQD,5002,D,10238.5897204,3920322.75353,36.71%,591,62.73%,1010,0.56%,9,1610
House District 50,Senate District 25,,Metro District 1,Multnomah Co Commissioner District 4,Gresham,Tri-County Metropolitan Transportation District of Oregon (TriMet),,,,Reynolds School District,ROCKWOOD  P.U.D. D1,Mt Hood Community College Zone 5,EAST MULT.  SOIL & WATER 2,Congressional District 3,ESD Multnomah Zone 4,,UFSWQD,5002,E,1909.9321304,122826.106993,36.71%,591,62.73%,1010,0.56%,9,1610
House District 50,Senate District 25,,Metro District 1,Multnomah Co Commissioner District 4,Gresham,Tri-County Metropolitan Transportation District of Oregon (TriMet),,,,Reynolds School District,ROCKWOOD  P.U.D. D2,Mt Hood Community College Zone 5,EAST MULT.  SOIL & WATER 2,Congressional District 3,ESD Multnomah Zone 4,,UFSWQD,5002,F,2261.64219342,310957.926875,36.71%,591,62.73%,1010,0.56%,9,1610
House District 50,Senate District 25,Multnomah Co Unincorporated,Metro District 1,Multnomah Co Commissioner District 4,,Tri-County Metropolitan Transportation District of Oregon (TriMet),Multnomah County Fire District #10,,,Gresham-Barlow School District,,Mt Hood Community College Zone 5,EAST MULT.  SOIL & WATER 2,Congressional District 3,ESD Multnomah Zone 4,,UFSWQD,5009,A,7489.15637179,1567834.56691,27.06%,23,71.76%,61,1.18%,1,85
House District 50,Senate District 25,,Metro District 1,Multnomah Co Commissioner District 4,Gresham,Tri-County Metropolitan Transportation District of Oregon (TriMet),,,,Gresham-Barlow School District,,Mt Hood Community College Zone 5,EAST MULT.  SOIL & WATER 2,Congressional District 3,ESD Multnomah Zone 4,,UFSWQD,5006,B,3383.40626266,380145.087382,28.51%,668,70.38%,1649,1.11%,26,2343
House District 50,Senate District 25,,Metro District 1,Multnomah Co Commissioner District 4,Gresham,Tri-County Metropolitan Transportation District of Oregon (TriMet),,,,Gresham-Barlow School District,,Mt Hood Community College Zone 2,EAST MULT.  SOIL & WATER 2,Congressional District 3,ESD Multnomah Zone 4,,UFSWQD,5006,C,5120.21765886,1636088.24414,28.51%,668,70.38%,1649,1.11%,26,2343
House District 49,Senate District 25,,Metro District 1,Multnomah Co Commissioner District 4,Gresham,Tri-County Metropolitan Transportation District of Oregon (TriMet),,,,Reynolds School District,ROCKWOOD  P.U.D. D3,Mt Hood Community College Zone 1,EAST MULT.  SOIL & WATER 1,Congressional District 3,ESD Multnomah Zone 5,,UFSWQD,4907,E,8135.40493886,1128947.80292,40.98%,504,58.21%,716,0.81%,10,1230
House District 49,Senate District 25,,Metro District 1,Multnomah Co Commissioner District 4,Fairview,Tri-County Metropolitan Transportation District of Oregon (TriMet),,,,Reynolds School District,,Mt Hood Community College Zone 3,EAST MULT.  SOIL & WATER 1,Congressional District 3,ESD Multnomah Zone 5,,UFSWQD,4903,C,6689.6401969,809638.889413,33.86%,512,65.61%,992,0.53%,8,1512
House District 50,Senate District 25,,Metro District 1,Multnomah Co Commissioner District 4,Gresham,Tri-County Metropolitan Transportation District of Oregon (TriMet),,,,Gresham-Barlow School District,ROCKWOOD  P.U.D. D2,Mt Hood Community College Zone 1,EAST MULT.  SOIL & WATER 2,Congressional District 3,ESD Multnomah Zone 5,,UFSWQD,5002,H,14818.9044956,5705104.46833,36.71%,591,62.73%,1010,0.56%,9,1610
House District 50,Senate District 25,,Metro District 1,Multnomah Co Commissioner District 4,Gresham,Tri-County Metropolitan Transportation District of Oregon (TriMet),,,,Gresham-Barlow School District,,Mt Hood Community College Zone 1,EAST MULT.  SOIL & WATER 2,Congressional District 3,ESD Multnomah Zone 5,,UFSWQD,5005,B,19435.2728587,4664581.17608,34.72%,758,64.41%,1406,0.87%,19,2183
House District 50,Senate District 25,,Metro District 1,Multnomah Co Commissioner District 4,Gresham,Tri-County Metropolitan Transportation District of Oregon (TriMet),,,,Gresham-Barlow School District,,Mt Hood Community College Zone 5,EAST MULT.  SOIL & WATER 2,Congressional District 3,ESD Multnomah Zone 5,,UFSWQD,5005,C,34262.0527464,24185172.459900000,34.72%,758,64.41%,1406,0.87%,19,2183
House District 50,Senate District 25,,Metro District 1,Multnomah Co Commissioner District 4,Gresham,Tri-County Metropolitan Transportation District of Oregon (TriMet),,,,Gresham-Barlow School District,,Mt Hood Community College Zone 1,EAST MULT.  SOIL & WATER 2,Congressional District 3,ESD Multnomah Zone 5,,UFSWQD,5007,B,10527.3671478,5220687.25866,31.05%,539,68.09%,1182,0.86%,15,1736
House District 50,Senate District 25,,Metro District 1,Multnomah Co Commissioner District 4,Gresham,Tri-County Metropolitan Transportation District of Oregon (TriMet),,,,Gresham-Barlow School District,,Mt Hood Community College Zone 2,EAST MULT.  SOIL & WATER 2,Congressional District 3,ESD Multnomah Zone 5,,UFSWQD,5008,B,18518.5384862,12262580.3337,24.23%,528,75.45%,1644,0.32%,7,2179
House District 52,Senate District 26,,Metro District 1,Multnomah Co Commissioner District 4,Gresham,Tri-County Metropolitan Transportation District of Oregon (TriMet),,,,Gresham-Barlow School District,,Mt Hood Community College Zone 1,EAST MULT.  SOIL & WATER 2,Congressional District 3,ESD Multnomah Zone 5,,UFSWQD,5201,B,14976.1432727,7263350.69275,24.00%,198,75.76%,625,0.24%,2,825
House District 52,Senate District 26,Multnomah Co Unincorporated,Metro District 1,Multnomah Co Commissioner District 4,,Tri-County Metropolitan Transportation District of Oregon (TriMet),Multnomah County Fire District #10,Lusted Water District,,Gresham-Barlow School District,,Mt Hood Community College Zone 2,EAST MULT.  SOIL & WATER 2,Congressional District 3,ESD Multnomah Zone 5,,UFSWQD,5202,P,14923.84426,6212868.65316,27.25%,491,72.14%,1300,0.61%,11,1802
House District 52,Senate District 26,Multnomah Co Unincorporated,Metro District 1,Multnomah Co Commissioner District 4,,Tri-County Metropolitan Transportation District of Oregon (TriMet),Multnomah County Fire District #10,,,Gresham-Barlow School District,,Mt Hood Community College Zone 2,EAST MULT.  SOIL & WATER 2,Congressional District 3,ESD Multnomah Zone 5,,UFSWQD,5202,O,13481.2528601,7812183.69767,27.25%,491,72.14%,1300,0.61%,11,1802
House District 50,Senate District 25,,Metro District 1,Multnomah Co Commissioner District 4,Gresham,Tri-County Metropolitan Transportation District of Oregon (TriMet),,,,Gresham-Barlow School District,,Mt Hood Community College Zone 5,EAST MULT.  SOIL & WATER 2,Congressional District 3,ESD Multnomah Zone 5,,UFSWQD,5006,D,20373.9557585,11161137.8548,28.51%,668,70.38%,1649,1.11%,26,2343
House District 50,Senate District 25,,Metro District 1,Multnomah Co Commissioner District 4,Gresham,Tri-County Metropolitan Transportation District of Oregon (TriMet),,,,Centennial School District,,Mt Hood Community College Zone 2,EAST MULT.  SOIL & WATER 2,Congressional District 3,ESD Multnomah Zone 4,,UFSWQD,5004,B,9451.14483563,3653915.17811,28.14%,372,71.26%,942,0.61%,8,1322
House District 50,Senate District 25,Multnomah Co Unincorporated,Metro District 1,Multnomah Co Commissioner District 4,,Tri-County Metropolitan Transportation District of Oregon (TriMet),Multnomah County Fire District #10,,,Gresham-Barlow School District,,Mt Hood Community College Zone 5,EAST MULT.  SOIL & WATER 2,Congressional District 3,ESD Multnomah Zone 5,,UFSWQD,5009,D,1746.15825081,161913.08067,27.06%,23,71.76%,61,1.18%,1,85
House District 49,Senate District 25,,Metro District 1,Multnomah Co Commissioner District 4,Gresham,Tri-County Metropolitan Transportation District of Oregon (TriMet),,,,Reynolds School District,,Mt Hood Community College Zone 1,EAST MULT.  SOIL & WATER 1,Congressional District 3,ESD Multnomah Zone 5,,UFSWQD,4907,A,6112.29096015,1494817.6927,40.98%,504,58.21%,716,0.81%,10,1230
House District 49,Senate District 25,,Metro District 1,Multnomah Co Commissioner District 4,Gresham,Tri-County Metropolitan Transportation District of Oregon (TriMet),,,,Reynolds School District,,Mt Hood Community College Zone 3,EAST MULT.  SOIL & WATER 1,Congressional District 3,ESD Multnomah Zone 5,,UFSWQD,4907,C,45111.9433727,37683822.9927,40.98%,504,58.21%,716,0.81%,10,1230
House District 49,Senate District 25,,Metro District 1,Multnomah Co Commissioner District 4,Gresham,Tri-County Metropolitan Transportation District of Oregon (TriMet),,,,Reynolds School District,ROCKWOOD  P.U.D. D5,Mt Hood Community College Zone 5,EAST MULT.  SOIL & WATER 1,Congressional District 3,ESD Multnomah Zone 5,,UFSWQD,4907,F,5221.11726599,1536473.19388,40.98%,504,58.21%,716,0.81%,10,1230
House District 49,Senate District 25,,Metro District 1,Multnomah Co Commissioner District 4,Gresham,Tri-County Metropolitan Transportation District of Oregon (TriMet),,,,Reynolds School District,ROCKWOOD  P.U.D. D5,Mt Hood Community College Zone 3,EAST MULT.  SOIL & WATER 1,Congressional District 3,ESD Multnomah Zone 5,,UFSWQD,4909,D,13932.6787662,7363375.92286,36.87%,424,62.43%,718,0.70%,8,1150
House District 48,Senate District 24,,Metro District 1,Multnomah Co Commissioner District 4,Portland,Tri-County Metropolitan Transportation District of Oregon (TriMet),,,,Centennial School District,,Mt Hood Community College Zone 5,EAST MULT.  SOIL & WATER 2,Congressional District 3,ESD Multnomah Zone 4,1,UFSWQD,4806,A,78821.5337286,62978533.3658,35.77%,681,63.71%,1213,0.53%,10,1904
House District 48,Senate District 24,,Metro District 1,Multnomah Co Commissioner District 4,Portland,Tri-County Metropolitan Transportation District of Oregon (TriMet),,,,David Douglas School District,,Mt Hood Community College Zone 5,EAST MULT.  SOIL & WATER 2,Congressional District 3,ESD Multnomah Zone 4,1,UFSWQD,4804,A,38904.7376028,39159139.0461,37.38%,601,62.44%,1004,0.19%,3,1608
House District 48,Senate District 24,,Metro District 6,Multnomah Co Commissioner District 3,Portland,Tri-County Metropolitan Transportation District of Oregon (TriMet),,,,David Douglas School District,,Portland Community College Zone 3,EAST MULT.  SOIL & WATER 2,Congressional District 3,ESD Multnomah Zone 4,1,UFSWQD,4809,1,1335.31749871,97924.5144307,20.00%,1,60.00%,3,20.00%,1,5
House District 48,Senate District 24,,Metro District 6,Multnomah Co Commissioner District 3,Portland,Tri-County Metropolitan Transportation District of Oregon (TriMet),,,,David Douglas School District,,Mt Hood Community College Zone 4,EAST MULT.  SOIL & WATER 2,Congressional District 3,ESD Multnomah Zone 4,1,UFSWQD,4802,A,41501.04804500000,45742649.3031,44.21%,684,54.88%,849,0.90%,14,1547
House District 49,Senate District 25,,Metro District 1,Multnomah Co Commissioner District 4,Portland,Tri-County Metropolitan Transportation District of Oregon (TriMet),,,,Reynolds School District,,Mt Hood Community College Zone 3,EAST MULT.  SOIL & WATER 1,Congressional District 3,ESD Multnomah Zone 5,1,UFSWQD,4910,B,850.782780612,45021.3000008,34.62%,27,64.10%,50,1.28%,1,78
House District 50,Senate District 25,Multnomah Co Unincorporated,Metro District 1,Multnomah Co Commissioner District 4,,Tri-County Metropolitan Transportation District of Oregon (TriMet),Multnomah County Fire District #10,,,Gresham-Barlow School District,,Mt Hood Community College Zone 2,EAST MULT.  SOIL & WATER 2,Congressional District 3,ESD Multnomah Zone 5,,UFSWQD,5009,E,45358.6136262,34650976.7889,27.06%,23,71.76%,61,1.18%,1,85
House District 50,Senate District 25,,Metro District 1,Multnomah Co Commissioner District 4,Portland,Tri-County Metropolitan Transportation District of Oregon (TriMet),,,,Centennial School District,,Mt Hood Community College Zone 5,EAST MULT.  SOIL & WATER 2,Congressional District 3,ESD Multnomah Zone 4,1,UFSWQD,5003,B,9064.86342069,1797907.9139,39.67%,48,59.50%,72,0.83%,1,121
House District 48,Senate District 24,,Metro District 1,Multnomah Co Commissioner District 4,Portland,Tri-County Metropolitan Transportation District of Oregon (TriMet),,,,Centennial School District,ROCKWOOD  P.U.D. D2,Mt Hood Community College Zone 5,EAST MULT.  SOIL & WATER 2,Congressional District 3,ESD Multnomah Zone 4,1,UFSWQD,4806,B,4829.11881247,1413105.69984,35.77%,681,63.71%,1213,0.53%,10,1904
House District 50,Senate District 25,,Metro District 1,Multnomah Co Commissioner District 4,Portland,Tri-County Metropolitan Transportation District of Oregon (TriMet),,,,Centennial School District,ROCKWOOD  P.U.D. D1,Mt Hood Community College Zone 5,EAST MULT.  SOIL & WATER 2,Congressional District 3,ESD Multnomah Zone 4,1,UFSWQD,5003,A,6600.10235033,1034694.11553,39.67%,48,59.50%,72,0.83%,1,121
House District 49,Senate District 25,,Metro District 1,Multnomah Co Commissioner District 4,Portland,Tri-County Metropolitan Transportation District of Oregon (TriMet),,,,Reynolds School District,ROCKWOOD  P.U.D. D5,Mt Hood Community College Zone 3,EAST MULT.  SOIL & WATER 1,Congressional District 3,ESD Multnomah Zone 5,1,UFSWQD,4910,A,8000.68998346,991709.857693,34.62%,27,64.10%,50,1.28%,1,78
House District 49,Senate District 25,,Metro District 1,Multnomah Co Commissioner District 4,Portland,Tri-County Metropolitan Transportation District of Oregon (TriMet),,,,Reynolds School District,ROCKWOOD  P.U.D. D4,Mt Hood Community College Zone 3,EAST MULT.  SOIL & WATER 1,Congressional District 3,ESD Multnomah Zone 5,1,UFSWQD,4910,C,6813.64724615,834661.041621,34.62%,27,64.10%,50,1.28%,1,78
House District 50,Senate District 25,,Metro District 1,Multnomah Co Commissioner District 4,Portland,Tri-County Metropolitan Transportation District of Oregon (TriMet),,,,Centennial School District,ROCKWOOD  P.U.D. D2,Mt Hood Community College Zone 5,EAST MULT.  SOIL & WATER 2,Congressional District 3,ESD Multnomah Zone 4,1,UFSWQD,5003,C,5926.78291708,637944.285024,39.67%,48,59.50%,72,0.83%,1,121
House District 48,Senate District 24,,Metro District 1,Multnomah Co Commissioner District 4,Portland,Tri-County Metropolitan Transportation District of Oregon (TriMet),,,,Centennial School District,,Mt Hood Community College Zone 4,EAST MULT.  SOIL & WATER 2,Congressional District 3,ESD Multnomah Zone 4,1,UFSWQD,4806,C,20169.5861021,16671790.6847,35.77%,681,63.71%,1213,0.53%,10,1904
House District 48,Senate District 24,,Metro District 1,Multnomah Co Commissioner District 4,Portland,Tri-County Metropolitan Transportation District of Oregon (TriMet),,,,David Douglas School District,,Mt Hood Community College Zone 4,EAST MULT.  SOIL & WATER 2,Congressional District 3,ESD Multnomah Zone 4,1,UFSWQD,4804,B,28225.1178467,29163265.207900000,37.38%,601,62.44%,1004,0.19%,3,1608
House District 48,Senate District 24,,Metro District 6,Multnomah Co Commissioner District 3,Portland,Tri-County Metropolitan Transportation District of Oregon (TriMet),,,,David Douglas School District,,Mt Hood Community College Zone 5,EAST MULT.  SOIL & WATER 2,Congressional District 3,ESD Multnomah Zone 4,1,UFSWQD,4802,B,12957.5560824,7110306.51917,44.21%,684,54.88%,849,0.90%,14,1547
House District 48,Senate District 24,,Metro District 1,Multnomah Co Commissioner District 3,Portland,Tri-County Metropolitan Transportation District of Oregon (TriMet),,,,David Douglas School District,,Mt Hood Community College Zone 5,EAST MULT.  SOIL & WATER 2,Congressional District 3,ESD Multnomah Zone 4,1,UFSWQD,4803,A,24896.6059908,23129461.1648,44.65%,380,54.76%,466,0.59%,5,851
House District 48,Senate District 24,,Metro District 1,Multnomah Co Commissioner District 3,Portland,Tri-County Metropolitan Transportation District of Oregon (TriMet),,,,David Douglas School District,,Mt Hood Community College Zone 4,EAST MULT.  SOIL & WATER 2,Congressional District 3,ESD Multnomah Zone 4,1,UFSWQD,4803,B,20628.7263546,17761918.918,44.65%,380,54.76%,466,0.59%,5,851
House District 47,Senate District 24,,Metro District 1,Multnomah Co Commissioner District 3,Portland,Tri-County Metropolitan Transportation District of Oregon (TriMet),,,,David Douglas School District,ROCKWOOD  P.U.D. D4,Mt Hood Community College Zone 4,EAST MULT.  SOIL & WATER 1,Congressional District 3,ESD Multnomah Zone 4,1,UFSWQD,4708,D,5258.53288722,537722.782968,43.88%,824,55.59%,1044,0.53%,10,1878
House District 46,Senate District 23,,Metro District 6,Multnomah Co Commissioner District 3,Portland,Tri-County Metropolitan Transportation District of Oregon (TriMet),,,,Portland School District,,Portland Community College Zone 3,EAST MULT.  SOIL & WATER 2,Congressional District 5,ESD Multnomah Zone 3,3,UFSWQD,4605,A,22710.5192081,17037594.9262,54.50%,902,44.47%,736,1.03%,17,1655
House District 45,Senate District 23,,Metro District 1,Multnomah Co Commissioner District 2,Portland,Tri-County Metropolitan Transportation District of Oregon (TriMet),,,,Parkrose School District,,Mt Hood Community College Zone 3,EAST MULT.  SOIL & WATER 1,Congressional District 3,ESD Multnomah Zone 4,1,UFSWQD,4508,B,27670.0339297,44974940.5618,43.05%,938,56.40%,1229,0.55%,12,2179
House District 46,Senate District 23,,Metro District 6,Multnomah Co Commissioner District 3,Portland,Tri-County Metropolitan Transportation District of Oregon (TriMet),,,,Portland School District,,Portland Community College Zone 3,EAST MULT.  SOIL & WATER 2,Congressional District 5,ESD Multnomah Zone 3,1,UFSWQD,4605,B,21087.7955135,21234402.8894,54.50%,902,44.47%,736,1.03%,17,1655
House District 45,Senate District 23,,Metro District 5,Multnomah Co Commissioner District 2,Portland,Tri-County Metropolitan Transportation District of Oregon (TriMet),,,,Parkrose School District,,Mt Hood Community College Zone 3,EAST MULT.  SOIL & WATER 1,Congressional District 3,ESD Multnomah Zone 4,1,UFSWQD,4508,A,54511.6535934,67096195.7056,43.05%,938,56.40%,1229,0.55%,12,2179
House District 31,Senate District 16,Multnomah Co Unincorporated,,Multnomah Co Commissioner District 1,,,,,,Portland School District,,Portland Community College Zone 4,WEST MULT.  SOIL & WATER 3,Congressional District 1,ESD Multnomah Zone 2,,,3101,B,97891.3214281,48310549.47380000,35.14%,286,64.37%,524,0.49%,4,814
House District 31,Senate District 16,Multnomah Co Unincorporated,,Multnomah Co Commissioner District 1,,Tri-County Metropolitan Transportation District of Oregon (TriMet),,,,Portland School District,,Portland Community College Zone 4,WEST MULT.  SOIL & WATER 2,Congressional District 1,ESD Multnomah Zone 2,,,3101,C,21281.1544439,3389535.93292,35.14%,286,64.37%,524,0.49%,4,814
House District 31,Senate District 16,Multnomah Co Unincorporated,,Multnomah Co Commissioner District 1,,,Scappoose Fire District #31,,,Portland School District,,Portland Community College Zone 4,WEST MULT.  SOIL & WATER 3,Congressional District 1,ESD Multnomah Zone 2,,,3101,D,50442.7167542,102135977.909,35.14%,286,64.37%,524,0.49%,4,814
House District 31,Senate District 16,Multnomah Co Unincorporated,,Multnomah Co Commissioner District 1,,,Tualatin Valley Fire & Rescue District,,,Portland School District,,Portland Community College Zone 4,WEST MULT.  SOIL & WATER 3,Congressional District 1,ESD Multnomah Zone 2,,,3101,E,133529.06345,443872365.645,35.14%,286,64.37%,524,0.49%,4,814
House District 31,Senate District 16,Multnomah Co Unincorporated,,Multnomah Co Commissioner District 1,,,,Burlington Water District,,Portland School District,,Portland Community College Zone 4,WEST MULT.  SOIL & WATER 2,Congressional District 1,ESD Multnomah Zone 2,,,3101,F,50970.2785067,51051402.0571,35.14%,286,64.37%,524,0.49%,4,814
House District 31,Senate District 16,Multnomah Co Unincorporated,,Multnomah Co Commissioner District 1,,,,,,Portland School District,Columbia River PUD,Portland Community College Zone 4,WEST MULT.  SOIL & WATER 3,Congressional District 1,ESD Multnomah Zone 2,,,3101,G,18574.3054146,15174463.496900000,35.14%,286,64.37%,524,0.49%,4,814
House District 31,Senate District 16,Multnomah Co Unincorporated,,Multnomah Co Commissioner District 1,,,Sauvie Island Rural Fire Protection District #30,,,Scappoose School District,,Portland Community College Zone 7,WEST MULT.  SOIL & WATER 2,Congressional District 1,ESD Northwest,,,3101,K,120401.273593,729844644.564,35.14%,286,64.37%,524,0.49%,4,814
House District 31,Senate District 16,Multnomah Co Unincorporated,,Multnomah Co Commissioner District 1,,,Scappoose Fire District #31,,,Scappoose School District,Columbia River PUD,Portland Community College Zone 7,WEST MULT.  SOIL & WATER 1,Congressional District 1,ESD Northwest,,,3101,L,22321.6332815,3177445.87695,35.14%,286,64.37%,524,0.49%,4,814
House District 31,Senate District 16,Multnomah Co Unincorporated,,Multnomah Co Commissioner District 1,,,Tualatin Valley Fire & Rescue District,,,Scappoose School District,,Portland Community College Zone 7,WEST MULT.  SOIL & WATER 3,Congressional District 1,ESD Northwest,,,3101,M,31383.8983534,54809426.5427,35.14%,286,64.37%,524,0.49%,4,814
House District 31,Senate District 16,Multnomah Co Unincorporated,,Multnomah Co Commissioner District 1,,,Tualatin Valley Fire & Rescue District,,,Hillsboro School District,,Portland Community College Zone 7,WEST MULT.  SOIL & WATER 3,Congressional District 1,ESD Northwest,,,3101,A,10356.467094,6731480.68674,35.14%,286,64.37%,524,0.49%,4,814
House District 31,Senate District 16,Multnomah Co Unincorporated,,Multnomah Co Commissioner District 1,,,,,,Scappoose School District,Columbia River PUD,Portland Community College Zone 7,WEST MULT.  SOIL & WATER 3,Congressional District 1,ESD Northwest,,,3101,N,75488.9104001,35296413.4039,35.14%,286,64.37%,524,0.49%,4,814
House District 31,Senate District 16,Multnomah Co Unincorporated,,Multnomah Co Commissioner District 1,,Tri-County Metropolitan Transportation District of Oregon (TriMet),Tualatin Valley Fire & Rescue District,,,Portland School District,,Portland Community College Zone 4,WEST MULT.  SOIL & WATER 4,Congressional District 1,ESD Multnomah Zone 2,,,3101,H,16077.0177963,6438992.50001,35.14%,286,64.37%,524,0.49%,4,814
House District 31,Senate District 16,Multnomah Co Unincorporated,,Multnomah Co Commissioner District 1,,Tri-County Metropolitan Transportation District of Oregon (TriMet),,Burlington Water District,,Portland School District,,Portland Community College Zone 4,WEST MULT.  SOIL & WATER 2,Congressional District 1,ESD Multnomah Zone 2,,,3101,I,4262.72803562,306820.329329,35.14%,286,64.37%,524,0.49%,4,814
House District 31,Senate District 16,Multnomah Co Unincorporated,,Multnomah Co Commissioner District 1,,,Scappoose Fire District #31,Burlington Water District,,Portland School District,,Portland Community College Zone 4,WEST MULT.  SOIL & WATER 3,Congressional District 1,ESD Multnomah Zone 2,,,3101,J,3824.08131239,647242.327472,35.14%,286,64.37%,524,0.49%,4,814
House District 31,Senate District 16,Multnomah Co Unincorporated,,Multnomah Co Commissioner District 1,,,Scappoose Fire District #31,,,Scappoose School District,Columbia River PUD,Portland Community College Zone 7,WEST MULT.  SOIL & WATER 3,Congressional District 1,ESD Northwest,,,3101,O,68423.26857830000,18853806.0924,35.14%,286,64.37%,524,0.49%,4,814
House District 31,Senate District 16,Multnomah Co Unincorporated,,Multnomah Co Commissioner District 1,,,Tualatin Valley Fire & Rescue District,,,Scappoose School District,Columbia River PUD,Portland Community College Zone 7,WEST MULT.  SOIL & WATER 3,Congressional District 1,ESD Northwest,,,3101,P,26004.6979332,30147670.9692,35.14%,286,64.37%,524,0.49%,4,814
House District 33,Senate District 17,,Metro District 5,Multnomah Co Commissioner District 1,Portland,Tri-County Metropolitan Transportation District of Oregon (TriMet),,,,Portland School District,,Portland Community College Zone 4,WEST MULT.  SOIL & WATER 4,Congressional District 1,ESD Multnomah Zone 2,4,,3304,C,49255.3348414,22827439.5901,37.49%,1363,62.24%,2263,0.28%,10,3636
House District 45,Senate District 23,,Metro District 5,Multnomah Co Commissioner District 2,Maywood Park,Tri-County Metropolitan Transportation District of Oregon (TriMet),Multnomah County Fire District #10,,,Parkrose School District,,Mt Hood Community College Zone 3,EAST MULT.  SOIL & WATER 1,Congressional District 3,ESD Multnomah Zone 4,,UFSWQD,4504,1,12090.1517867,4680755.2649,45.36%,132,54.30%,158,0.34%,1,291
House District 46,Senate District 23,,Metro District 6,Multnomah Co Commissioner District 3,Portland,Tri-County Metropolitan Transportation District of Oregon (TriMet),,,,Portland School District,,Portland Community College Zone 3,EAST MULT.  SOIL & WATER 2,Congressional District 5,ESD Multnomah Zone 3,3,UFSWQD,4604,B,26960.1323336,37534450.2972,54.17%,1390,45.36%,1164,0.47%,12,2566
House District 46,Senate District 23,,Metro District 6,Multnomah Co Commissioner District 3,Portland,Tri-County Metropolitan Transportation District of Oregon (TriMet),,,,Portland School District,,Portland Community College Zone 3,EAST MULT.  SOIL & WATER 2,Congressional District 3,ESD Multnomah Zone 3,1,UFSWQD,4607,B,34019.450673,24596012.8066,51.07%,669,48.70%,638,0.23%,3,1310
House District 46,Senate District 23,,Metro District 6,Multnomah Co Commissioner District 3,Portland,Tri-County Metropolitan Transportation District of Oregon (TriMet),,,,David Douglas School District,,Mt Hood Community College Zone 4,EAST MULT.  SOIL & WATER 2,Congressional District 3,ESD Multnomah Zone 4,1,UFSWQD,4606,B,27664.615312,14774894.0817,49.61%,956,49.71%,958,0.67%,13,1927
House District 46,Senate District 23,,Metro District 6,Multnomah Co Commissioner District 3,Portland,Tri-County Metropolitan Transportation District of Oregon (TriMet),,,,David Douglas School District,,Mt Hood Community College Zone 4,EAST MULT.  SOIL & WATER 2,Congressional District 3,ESD Multnomah Zone 3,1,UFSWQD,4606,E,4870.26324912,209422.003501,49.61%,956,49.71%,958,0.67%,13,1927
House District 45,Senate District 23,,Metro District 5,Multnomah Co Commissioner District 2,Portland,Tri-County Metropolitan Transportation District of Oregon (TriMet),,,,Portland School District,,Portland Community College Zone 2,EAST MULT.  SOIL & WATER 1,Congressional District 3,ESD Multnomah Zone 4,3,UFSWQD,4503,A,33409.6867725,38712526.8608,51.28%,1768,48.26%,1664,0.46%,16,3448
House District 45,Senate District 23,,Metro District 5,Multnomah Co Commissioner District 2,Portland,Tri-County Metropolitan Transportation District of Oregon (TriMet),,,,Portland School District,,Mt Hood Community College Zone 3,EAST MULT.  SOIL & WATER 1,Congressional District 3,ESD Multnomah Zone 4,3,UFSWQD,4506,B,15941.1684014,4072367.55952,50.18%,1716,49.44%,1691,0.38%,13,3420
House District 45,Senate District 23,,Metro District 5,Multnomah Co Commissioner District 2,Portland,Tri-County Metropolitan Transportation District of Oregon (TriMet),,,,Parkrose School District,,Mt Hood Community College Zone 3,EAST MULT.  SOIL & WATER 1,Congressional District 3,ESD Multnomah Zone 4,3,UFSWQD,4508,C,31163.2149119,8222268.89952,43.05%,938,56.40%,1229,0.55%,12,2179
House District 45,Senate District 23,,Metro District 6,Multnomah Co Commissioner District 3,Portland,Tri-County Metropolitan Transportation District of Oregon (TriMet),,,,Portland School District,,Portland Community College Zone 3,EAST MULT.  SOIL & WATER 1,Congressional District 3,ESD Multnomah Zone 2,3,UFSWQD,4506,A,30811.3249076,35823437.7985,50.18%,1716,49.44%,1691,0.38%,13,3420
House District 45,Senate District 23,,Metro District 6,Multnomah Co Commissioner District 2,Portland,Tri-County Metropolitan Transportation District of Oregon (TriMet),,,,Portland School District,,Portland Community College Zone 3,EAST MULT.  SOIL & WATER 1,Congressional District 3,ESD Multnomah Zone 2,3,UFSWQD,4505,1,28367.645547,12085054.4206,52.89%,530,47.01%,471,0.10%,1,1002
House District 46,Senate District 23,,Metro District 6,Multnomah Co Commissioner District 3,Portland,Tri-County Metropolitan Transportation District of Oregon (TriMet),,,,Portland School District,,Portland Community College Zone 3,EAST MULT.  SOIL & WATER 2,Congressional District 3,ESD Multnomah Zone 2,3,UFSWQD,4606,A,17763.6024473,16948286.3451,49.61%,956,49.71%,958,0.67%,13,1927
House District 46,Senate District 23,,Metro District 6,Multnomah Co Commissioner District 3,Portland,Tri-County Metropolitan Transportation District of Oregon (TriMet),,,,Portland School District,,Portland Community College Zone 3,EAST MULT.  SOIL & WATER 2,Congressional District 3,ESD Multnomah Zone 3,3,UFSWQD,4602,1,27262.9718849,30584604.565400000,58.65%,1647,41.20%,1157,0.14%,4,2808
House District 46,Senate District 23,,Metro District 6,Multnomah Co Commissioner District 3,Portland,Tri-County Metropolitan Transportation District of Oregon (TriMet),,,,Portland School District,,Portland Community College Zone 3,EAST MULT.  SOIL & WATER 2,Congressional District 3,ESD Multnomah Zone 4,1,UFSWQD,4607,A,22846.0466365,15099978.7305,51.07%,669,48.70%,638,0.23%,3,1310
House District 46,Senate District 23,,Metro District 6,Multnomah Co Commissioner District 3,Portland,Tri-County Metropolitan Transportation District of Oregon (TriMet),,,,Portland School District,,Portland Community College Zone 3,EAST MULT.  SOIL & WATER 2,Congressional District 3,ESD Multnomah Zone 3,1,UFSWQD,4603,1,19957.7772843,23257982.1878,56.62%,1104,42.87%,836,0.51%,10,1950
House District 45,Senate District 23,,Metro District 5,Multnomah Co Commissioner District 2,Portland,Tri-County Metropolitan Transportation District of Oregon (TriMet),,,,Portland School District,,Portland Community College Zone 2,EAST MULT.  SOIL & WATER 1,Congressional District 3,ESD Multnomah Zone 1,2,UFSWQD,4501,A,30710.0805177,33974126.2132,45.66%,2237,54.01%,2646,0.33%,16,4899
House District 45,Senate District 23,,Metro District 5,Multnomah Co Commissioner District 2,Portland,Tri-County Metropolitan Transportation District of Oregon (TriMet),,,,Portland School District,,Portland Community College Zone 2,EAST MULT.  SOIL & WATER 1,Congressional District 3,ESD Multnomah Zone 1,3,UFSWQD,4501,C,12279.8000088,7739552.271850000,45.66%,2237,54.01%,2646,0.33%,16,4899
House District 45,Senate District 23,,Metro District 5,Multnomah Co Commissioner District 2,Portland,Tri-County Metropolitan Transportation District of Oregon (TriMet),,,,Portland School District,,Portland Community College Zone 2,EAST MULT.  SOIL & WATER 1,Congressional District 3,ESD Multnomah Zone 4,3,UFSWQD,4502,A,22277.0766102,30417359.4367,50.37%,2087,49.38%,2046,0.24%,10,4143
House District 46,Senate District 23,,Metro District 6,Multnomah Co Commissioner District 3,Portland,Tri-County Metropolitan Transportation District of Oregon (TriMet),,,,Portland School District,,Portland Community College Zone 3,EAST MULT.  SOIL & WATER 2,Congressional District 3,ESD Multnomah Zone 3,3,UFSWQD,4604,A,6902.6269699,2557630.2014,54.17%,1390,45.36%,1164,0.47%,12,2566
House District 46,Senate District 23,,Metro District 6,Multnomah Co Commissioner District 3,Portland,Tri-County Metropolitan Transportation District of Oregon (TriMet),,,,Portland School District,,Portland Community College Zone 3,EAST MULT.  SOIL & WATER 2,Congressional District 3,ESD Multnomah Zone 2,3,UFSWQD,4601,1,33437.4457096,43428840.8883,52.93%,1795,46.77%,1586,0.29%,10,3391
House District 45,Senate District 23,,Metro District 5,Multnomah Co Commissioner District 2,Portland,Tri-County Metropolitan Transportation District of Oregon (TriMet),,,,Portland School District,,Portland Community College Zone 2,EAST MULT.  SOIL & WATER 1,Congressional District 3,ESD Multnomah Zone 1,2,UFSWQD,4503,B,12782.7263228,8813453.6782,51.28%,1768,48.26%,1664,0.46%,16,3448
House District 45,Senate District 23,,Metro District 5,Multnomah Co Commissioner District 2,Portland,Tri-County Metropolitan Transportation District of Oregon (TriMet),,,,Portland School District,,Portland Community College Zone 2,EAST MULT.  SOIL & WATER 1,Congressional District 3,ESD Multnomah Zone 1,3,UFSWQD,4503,C,13755.7737051,9828158.3941,51.28%,1768,48.26%,1664,0.46%,16,3448
House District 45,Senate District 23,,Metro District 5,Multnomah Co Commissioner District 2,Portland,Tri-County Metropolitan Transportation District of Oregon (TriMet),,,,Portland School District,,Portland Community College Zone 3,EAST MULT.  SOIL & WATER 1,Congressional District 3,ESD Multnomah Zone 1,2,UFSWQD,4502,B,9216.65011935,3625733.62438,50.37%,2087,49.38%,2046,0.24%,10,4143
House District 45,Senate District 23,,Metro District 5,Multnomah Co Commissioner District 2,Portland,Tri-County Metropolitan Transportation District of Oregon (TriMet),,,,Portland School District,,Portland Community College Zone 2,EAST MULT.  SOIL & WATER 1,Congressional District 3,ESD Multnomah Zone 1,2,UFSWQD,4502,C,9323.94536058,3440314.50602,50.37%,2087,49.38%,2046,0.24%,10,4143
House District 45,Senate District 23,,Metro District 5,Multnomah Co Commissioner District 2,Portland,Tri-County Metropolitan Transportation District of Oregon (TriMet),,,,Portland School District,,Portland Community College Zone 2,EAST MULT.  SOIL & WATER 1,Congressional District 3,ESD Multnomah Zone 1,3,UFSWQD,4502,D,13440.3025703,5676661.84669,50.37%,2087,49.38%,2046,0.24%,10,4143
House District 45,Senate District 23,,Metro District 6,Multnomah Co Commissioner District 3,Portland,Tri-County Metropolitan Transportation District of Oregon (TriMet),,,,Portland School District,,Portland Community College Zone 3,EAST MULT.  SOIL & WATER 1,Congressional District 3,ESD Multnomah Zone 4,3,UFSWQD,4506,C,9951.54858751,5492000.75678,50.18%,1716,49.44%,1691,0.38%,13,3420
House District 46,Senate District 23,,Metro District 6,Multnomah Co Commissioner District 3,Portland,Tri-County Metropolitan Transportation District of Oregon (TriMet),,,,David Douglas School District,,Mt Hood Community College Zone 4,EAST MULT.  SOIL & WATER 2,Congressional District 3,ESD Multnomah Zone 4,3,UFSWQD,4606,H,5718.84562448,873341.2763,49.61%,956,49.71%,958,0.67%,13,1927
House District 46,Senate District 23,,Metro District 6,Multnomah Co Commissioner District 3,Portland,Tri-County Metropolitan Transportation District of Oregon (TriMet),,,,David Douglas School District,,Portland Community College Zone 3,EAST MULT.  SOIL & WATER 2,Congressional District 3,ESD Multnomah Zone 3,1,UFSWQD,4606,F,992.987936369,52101.0393591,49.61%,956,49.71%,958,0.67%,13,1927
House District 46,Senate District 23,,Metro District 6,Multnomah Co Commissioner District 3,Portland,Tri-County Metropolitan Transportation District of Oregon (TriMet),,,,David Douglas School District,,Portland Community College Zone 3,EAST MULT.  SOIL & WATER 2,Congressional District 3,ESD Multnomah Zone 4,1,UFSWQD,4606,C,3438.00577756,534765.804499,49.61%,956,49.71%,958,0.67%,13,1927
House District 45,Senate District 23,,Metro District 5,Multnomah Co Commissioner District 2,Portland,Tri-County Metropolitan Transportation District of Oregon (TriMet),,,,Portland School District,,Portland Community College Zone 3,EAST MULT.  SOIL & WATER 1,Congressional District 3,ESD Multnomah Zone 1,2,UFSWQD,4501,B,10669.9731368,3317351.31291,45.66%,2237,54.01%,2646,0.33%,16,4899
House District 46,Senate District 23,,Metro District 6,Multnomah Co Commissioner District 3,Portland,Tri-County Metropolitan Transportation District of Oregon (TriMet),,,,Portland School District,,Portland Community College Zone 3,EAST MULT.  SOIL & WATER 2,Congressional District 3,ESD Multnomah Zone 4,1,UFSWQD,4606,D,12140.4238935,9113354.55498,49.61%,956,49.71%,958,0.67%,13,1927
House District 46,Senate District 23,,Metro District 6,Multnomah Co Commissioner District 3,Portland,Tri-County Metropolitan Transportation District of Oregon (TriMet),,,,Portland School District,,Portland Community College Zone 3,EAST MULT.  SOIL & WATER 2,Congressional District 3,ESD Multnomah Zone 4,3,UFSWQD,4606,I,4486.23274008,600379.856277,49.61%,956,49.71%,958,0.67%,13,1927
House District 46,Senate District 23,,Metro District 6,Multnomah Co Commissioner District 3,Portland,Tri-County Metropolitan Transportation District of Oregon (TriMet),,,,Portland School District,,Portland Community College Zone 3,EAST MULT.  SOIL & WATER 2,Congressional District 3,ESD Multnomah Zone 2,1,UFSWQD,4606,G,12268.8390902,9085433.09752,49.61%,956,49.71%,958,0.67%,13,1927
House District 33,Senate District 17,,Metro District 5,Multnomah Co Commissioner District 1,Portland,Tri-County Metropolitan Transportation District of Oregon (TriMet),,,,Portland School District,,Portland Community College Zone 4,WEST MULT.  SOIL & WATER 5,Congressional District 1,ESD Multnomah Zone 2,4,UFSWQD,3302,1,77600.2604365,66470937.4555,38.32%,1198,61.26%,1915,0.42%,13,3126
House District 28,Senate District 14,Multnomah Co Unincorporated,Metro District 6,Multnomah Co Commissioner District 1,,Tri-County Metropolitan Transportation District of Oregon (TriMet),Tualatin Valley Fire & Rescue District,,,Portland School District,,Portland Community College Zone 5,WEST MULT.  SOIL & WATER 5,Congressional District 1,ESD Multnomah Zone 2,,UFSWQD,2802,A,7434.17790277,2211781.78916,30.07%,169,69.57%,391,0.36%,2,562
House District 33,Senate District 17,,Metro District 5,Multnomah Co Commissioner District 1,Portland,Tri-County Metropolitan Transportation District of Oregon (TriMet),,,,Portland School District,,Portland Community College Zone 4,WEST MULT.  SOIL & WATER 4,Congressional District 1,ESD Multnomah Zone 2,4,UFSWQD,3304,A,259066.070039,443669449.84800000,37.49%,1363,62.24%,2263,0.28%,10,3636
House District 28,Senate District 14,Multnomah Co Unincorporated,Metro District 6,Multnomah Co Commissioner District 1,,Tri-County Metropolitan Transportation District of Oregon (TriMet),Tualatin Valley Fire & Rescue District,Valley View Water District,,Portland School District,,Portland Community College Zone 5,WEST MULT.  SOIL & WATER 5,Congressional District 1,ESD Multnomah Zone 2,,UFSWQD,2802,B,10015.3552771,1171965.46108,30.07%,169,69.57%,391,0.36%,2,562
House District 28,Senate District 14,Multnomah Co Unincorporated,Metro District 6,Multnomah Co Commissioner District 1,,Tri-County Metropolitan Transportation District of Oregon (TriMet),Tualatin Valley Fire & Rescue District,,Clean Water Services District,Portland School District,,Portland Community College Zone 5,WEST MULT.  SOIL & WATER 5,Congressional District 1,ESD Multnomah Zone 2,,UFSWQD,2802,C,23285.8550682,4934798.47045,30.07%,169,69.57%,391,0.36%,2,562
House District 28,Senate District 14,Multnomah Co Unincorporated,Metro District 6,Multnomah Co Commissioner District 1,,Tri-County Metropolitan Transportation District of Oregon (TriMet),Tualatin Valley Fire & Rescue District,Valley View Water District,Clean Water Services District,Portland School District,,Portland Community College Zone 5,WEST MULT.  SOIL & WATER 5,Congressional District 1,ESD Multnomah Zone 2,,UFSWQD,2802,D,18694.0366224,10657890.2959,30.07%,169,69.57%,391,0.36%,2,562
House District 28,Senate District 14,Multnomah Co Unincorporated,Metro District 6,Multnomah Co Commissioner District 1,,Tri-County Metropolitan Transportation District of Oregon (TriMet),Tualatin Valley Fire & Rescue District,West Slope Water District,Clean Water Services District,Portland School District,,Portland Community College Zone 5,WEST MULT.  SOIL & WATER 5,Congressional District 1,ESD Multnomah Zone 2,,UFSWQD,2802,E,4866.06530264,1272609.06741,30.07%,169,69.57%,391,0.36%,2,562
House District 28,Senate District 14,,Metro District 6,Multnomah Co Commissioner District 1,Portland,Tri-County Metropolitan Transportation District of Oregon (TriMet),,,,Portland School District,,Portland Community College Zone 5,WEST MULT.  SOIL & WATER 5,Congressional District 1,ESD Multnomah Zone 3,4,UFSWQD,2804,A,35544.322036,34077141.1612,32.25%,1110,67.46%,2322,0.29%,10,3442
House District 28,Senate District 14,,Metro District 6,Multnomah Co Commissioner District 1,Portland,Tri-County Metropolitan Transportation District of Oregon (TriMet),,,,Portland School District,,Portland Community College Zone 5,WEST MULT.  SOIL & WATER 5,Congressional District 1,ESD Multnomah Zone 3,4,UFSWQD,2805,1,41152.9206793,69853938.14,42.68%,1705,57.10%,2281,0.23%,9,3995
House District 28,Senate District 14,,Metro District 6,Multnomah Co Commissioner District 1,Portland,Tri-County Metropolitan Transportation District of Oregon (TriMet),,,,Portland School District,,Portland Community College Zone 5,WEST MULT.  SOIL & WATER 5,Congressional District 1,ESD Multnomah Zone 2,4,UFSWQD,2804,B,73144.8999732,36440958.8536,32.25%,1110,67.46%,2322,0.29%,10,3442
House District 28,Senate District 14,,Metro District 5,Multnomah Co Commissioner District 1,Portland,Tri-County Metropolitan Transportation District of Oregon (TriMet),,,,Portland School District,,Portland Community College Zone 4,WEST MULT.  SOIL & WATER 5,Congressional District 1,ESD Multnomah Zone 2,4,UFSWQD,2803,1,16157.0277239,11775986.7547,53.14%,533,46.06%,462,0.80%,8,1003
House District 28,Senate District 14,,Metro District 6,Multnomah Co Commissioner District 1,Portland,Tri-County Metropolitan Transportation District of Oregon (TriMet),,,,Portland School District,,Portland Community College Zone 5,WEST MULT.  SOIL & WATER 5,Congressional District 1,ESD Multnomah Zone 3,4,UFSWQD,2801,A,44451.5164007,68589714.3628,40.10%,1393,59.79%,2077,0.12%,4,3474
House District 33,Senate District 17,,Metro District 5,Multnomah Co Commissioner District 2,Portland,Tri-County Metropolitan Transportation District of Oregon (TriMet),,,,Portland School District,,Portland Community College Zone 2,EAST MULT.  SOIL & WATER 1,Congressional District 3,ESD Multnomah Zone 1,2,UFSWQD,3308,1,32150.5972931,38304415.665,52.13%,771,47.60%,704,0.27%,4,1479
House District 33,Senate District 17,,Metro District 5,Multnomah Co Commissioner District 1,Portland,Tri-County Metropolitan Transportation District of Oregon (TriMet),,,,Portland School District,,Portland Community College Zone 4,WEST MULT.  SOIL & WATER 5,Congressional District 1,ESD Multnomah Zone 2,4,UFSWQD,3303,1,22864.8618634,25022855.576,47.33%,1258,51.99%,1382,0.68%,18,2658
House District 33,Senate District 17,,Metro District 5,Multnomah Co Commissioner District 1,Portland,Tri-County Metropolitan Transportation District of Oregon (TriMet),,,,Portland School District,,Portland Community College Zone 4,WEST MULT.  SOIL & WATER 4,Congressional District 1,ESD Multnomah Zone 2,4,UFSWQD,3306,1,27405.3261818,24868227.467400000,45.77%,882,53.71%,1035,0.52%,10,1927
House District 28,Senate District 14,,Metro District 6,Multnomah Co Commissioner District 1,Portland,Tri-County Metropolitan Transportation District of Oregon (TriMet),,,,Portland School District,,Portland Community College Zone 5,WEST MULT.  SOIL & WATER 5,Congressional District 1,ESD Multnomah Zone 3,4,UFSWQD,2806,A,40641.5915037,61220841.3027,45.96%,1776,53.80%,2079,0.23%,9,3864
House District 33,Senate District 17,,Metro District 5,Multnomah Co Commissioner District 1,Portland,Tri-County Metropolitan Transportation District of Oregon (TriMet),,,,Portland School District,,Portland Community College Zone 4,WEST MULT.  SOIL & WATER 4,Congressional District 1,ESD Multnomah Zone 2,4,UFSWQD,3307,1,16520.0699512,9845036.83488,41.45%,853,58.26%,1199,0.29%,6,2058
House District 28,Senate District 14,,Metro District 6,Multnomah Co Commissioner District 1,Portland,Tri-County Metropolitan Transportation District of Oregon (TriMet),,,,Portland School District,,Portland Community College Zone 1,WEST MULT.  SOIL & WATER 5,Congressional District 1,ESD Multnomah Zone 3,4,UFSWQD,2806,B,22784.3885973,3887519.07101,45.96%,1776,53.80%,2079,0.23%,9,3864
House District 28,Senate District 14,,Metro District 6,Multnomah Co Commissioner District 1,Portland,Tri-County Metropolitan Transportation District of Oregon (TriMet),,,,Portland School District,,Portland Community College Zone 4,WEST MULT.  SOIL & WATER 5,Congressional District 1,ESD Multnomah Zone 3,4,UFSWQD,2806,C,5636.95696156,1294144.87502,45.96%,1776,53.80%,2079,0.23%,9,3864
House District 28,Senate District 14,,Metro District 6,Multnomah Co Commissioner District 1,Portland,Tri-County Metropolitan Transportation District of Oregon (TriMet),,,,Portland School District,,Portland Community College Zone 4,WEST MULT.  SOIL & WATER 5,Congressional District 1,ESD Multnomah Zone 3,4,UFSWQD,2801,B,35502.105826,16983636.428,40.10%,1393,59.79%,2077,0.12%,4,3474
House District 28,Senate District 14,,Metro District 6,Multnomah Co Commissioner District 1,Portland,Tri-County Metropolitan Transportation District of Oregon (TriMet),,,,Portland School District,,Portland Community College Zone 4,WEST MULT.  SOIL & WATER 5,Congressional District 1,ESD Multnomah Zone 2,4,UFSWQD,2804,C,8597.88166762,2752382.45152,32.25%,1110,67.46%,2322,0.29%,10,3442
House District 33,Senate District 17,,Metro District 5,Multnomah Co Commissioner District 1,Portland,Tri-County Metropolitan Transportation District of Oregon (TriMet),,,,Portland School District,,Portland Community College Zone 4,WEST MULT.  SOIL & WATER 4,Congressional District 1,ESD Multnomah Zone 2,,UFSWQD,3304,B,2970.31498451,387839.059513,37.49%,1363,62.24%,2263,0.28%,10,3636
House District 34,Senate District 17,,Metro District 5,Multnomah Co Commissioner District 1,Portland,Tri-County Metropolitan Transportation District of Oregon (TriMet),,,,Portland School District,,Portland Community College Zone 4,WEST MULT.  SOIL & WATER 4,Congressional District 1,ESD Multnomah Zone 2,4,UFSWQD,3401,1,21257.6036525,5862246.30552,36.48%,116,63.21%,201,0.31%,1,318
House District 44,Senate District 22,,Metro District 5,Multnomah Co Commissioner District 2,Portland,Tri-County Metropolitan Transportation District of Oregon (TriMet),,,,Portland School District,,Portland Community College Zone 2,EAST MULT.  SOIL & WATER 1,Congressional District 3,ESD Multnomah Zone 1,2,,4406,C,7390.6832089,1906595.72608,48.06%,1153,51.52%,1236,0.42%,10,2399